file_name	Cycle	Copy_count	Segments	abs_Segments	Chr	Start	End	bp_front	bp_back	Chr_bp_front	bp_front_1coords	bp_back_1coords	Svaba_bp	Svaba_bp_mate	SCTG_1bp	SCTG_10bp	SCTG_100bp	SCTG_500bp
/mnt/NAS4/home/mary/HL-NF/scratch/SKKURT/results/aaSuite_germline_ss/v0.1344.2/GRCh37/minCN4.5/cnsizeMin50000/-1X/calls/SKKURT-320DM-0001-TPX-A01-WGS-2OJ361/SKKURT-320DM-0001-TPX-A01-WGS-2OJ361_output/SKKURT-320DM-0001-TPX-A01-WGS-2OJ361_AA_results/SKKURT-320DM-0001-TPX-A01-WGS-2OJ361_amplicon1_cycles.txt	Cycle=1	Copy_count=2.3899820455	0+	0				147563399		1	147563400		1:147563400	NA:NA	NA	NA	NA	NA
/mnt/NAS4/home/mary/HL-NF/scratch/SKKURT/results/aaSuite_germline_ss/v0.1344.2/GRCh37/minCN4.5/cnsizeMin50000/-1X/calls/SKKURT-320DM-0001-TPX-A01-WGS-2OJ361/SKKURT-320DM-0001-TPX-A01-WGS-2OJ361_output/SKKURT-320DM-0001-TPX-A01-WGS-2OJ361_AA_results/SKKURT-320DM-0001-TPX-A01-WGS-2OJ361_amplicon1_cycles.txt	Cycle=1	Copy_count=2.3899820455	4-	4	1	146702226	147563399	146818242	146702226	1	146818243	146702227	1:146818243	1:146702227	NA	NA	1:146702187(-)-1:146818242(-)__1_146817742_146818742D	1:146702187(-)-1:146818242(-)__1_146817742_146818742D
/mnt/NAS4/home/mary/HL-NF/scratch/SKKURT/results/aaSuite_germline_ss/v0.1344.2/GRCh37/minCN4.5/cnsizeMin50000/-1X/calls/SKKURT-320DM-0001-TPX-A01-WGS-2OJ361/SKKURT-320DM-0001-TPX-A01-WGS-2OJ361_output/SKKURT-320DM-0001-TPX-A01-WGS-2OJ361_AA_results/SKKURT-320DM-0001-TPX-A01-WGS-2OJ361_amplicon1_cycles.txt	Cycle=1	Copy_count=2.3899820455	5+	5	1	146818242	146818870	146701633	146818870	1	146701634	146818871	1:146701634	1:146818871	NA	NA	1:146701634(+)-1:146818920(+)__1_146818370_146819370D	1:146701634(+)-1:146818920(+)__1_146818370_146819370D
/mnt/NAS4/home/mary/HL-NF/scratch/SKKURT/results/aaSuite_germline_ss/v0.1344.2/GRCh37/minCN4.5/cnsizeMin50000/-1X/calls/SKKURT-320DM-0001-TPX-A01-WGS-2OJ361/SKKURT-320DM-0001-TPX-A01-WGS-2OJ361_output/SKKURT-320DM-0001-TPX-A01-WGS-2OJ361_AA_results/SKKURT-320DM-0001-TPX-A01-WGS-2OJ361_amplicon1_cycles.txt	Cycle=1	Copy_count=2.3899820455	2-	2	1	146466600	146701633		146466600			146466601	NA:NA	1:146466601	NA	NA	NA	NA
/mnt/NAS4/home/mary/HL-NF/scratch/SKKURT/results/aaSuite_germline_ss/v0.1344.2/GRCh37/minCN4.5/cnsizeMin50000/-1X/calls/SKKURT-320DM-0001-TPX-A01-WGS-2OJ361/SKKURT-320DM-0001-TPX-A01-WGS-2OJ361_output/SKKURT-320DM-0001-TPX-A01-WGS-2OJ361_AA_results/SKKURT-320DM-0001-TPX-A01-WGS-2OJ361_amplicon1_cycles.txt	Cycle=1	Copy_count=2.3899820455	0-	0									NA:NA	NA:NA	NA	NA	NA	NA
/mnt/NAS4/home/mary/HL-NF/scratch/SKKURT/results/aaSuite_germline_ss/v0.1344.2/GRCh37/minCN4.5/cnsizeMin50000/-1X/calls/SKKURT-320DM-0001-TPX-A01-WGS-2OJ361/SKKURT-320DM-0001-TPX-A01-WGS-2OJ361_output/SKKURT-320DM-0001-TPX-A01-WGS-2OJ361_AA_results/SKKURT-320DM-0001-TPX-A01-WGS-2OJ361_amplicon1_cycles.txt	Cycle=2	Copy_count=2.19714538905	0+	0				147832199		1	147832200		1:147832200	NA:NA	NA	NA	NA	NA
/mnt/NAS4/home/mary/HL-NF/scratch/SKKURT/results/aaSuite_germline_ss/v0.1344.2/GRCh37/minCN4.5/cnsizeMin50000/-1X/calls/SKKURT-320DM-0001-TPX-A01-WGS-2OJ361/SKKURT-320DM-0001-TPX-A01-WGS-2OJ361_output/SKKURT-320DM-0001-TPX-A01-WGS-2OJ361_AA_results/SKKURT-320DM-0001-TPX-A01-WGS-2OJ361_amplicon1_cycles.txt	Cycle=2	Copy_count=2.19714538905	8-	8	1	147714000	147832199		147714000			147714001	NA:NA	1:147714001	NA	NA	NA	NA
/mnt/NAS4/home/mary/HL-NF/scratch/SKKURT/results/aaSuite_germline_ss/v0.1344.2/GRCh37/minCN4.5/cnsizeMin50000/-1X/calls/SKKURT-320DM-0001-TPX-A01-WGS-2OJ361/SKKURT-320DM-0001-TPX-A01-WGS-2OJ361_output/SKKURT-320DM-0001-TPX-A01-WGS-2OJ361_AA_results/SKKURT-320DM-0001-TPX-A01-WGS-2OJ361_amplicon1_cycles.txt	Cycle=2	Copy_count=2.19714538905	0-	0									NA:NA	NA:NA	NA	NA	NA	NA
/mnt/NAS4/home/mary/HL-NF/scratch/SKKURT/results/aaSuite_germline_ss/v0.1344.2/GRCh37/minCN4.5/cnsizeMin50000/-1X/calls/SKKURT-320DM-0001-TPX-A01-WGS-2OJ361/SKKURT-320DM-0001-TPX-A01-WGS-2OJ361_output/SKKURT-320DM-0001-TPX-A01-WGS-2OJ361_AA_results/SKKURT-320DM-0001-TPX-A01-WGS-2OJ361_amplicon1_cycles.txt	Cycle=3	Copy_count=1.83050979411	0+	0				147425099		1	147425100		1:147425100	NA:NA	NA	NA	NA	NA
/mnt/NAS4/home/mary/HL-NF/scratch/SKKURT/results/aaSuite_germline_ss/v0.1344.2/GRCh37/minCN4.5/cnsizeMin50000/-1X/calls/SKKURT-320DM-0001-TPX-A01-WGS-2OJ361/SKKURT-320DM-0001-TPX-A01-WGS-2OJ361_output/SKKURT-320DM-0001-TPX-A01-WGS-2OJ361_AA_results/SKKURT-320DM-0001-TPX-A01-WGS-2OJ361_amplicon1_cycles.txt	Cycle=3	Copy_count=1.83050979411	3-	3	1	146702226	147425099	146818242	146702226	1	146818243	146702227	1:146818243	1:146702227	NA	NA	1:146702187(-)-1:146818242(-)__1_146817742_146818742D	1:146702187(-)-1:146818242(-)__1_146817742_146818742D
/mnt/NAS4/home/mary/HL-NF/scratch/SKKURT/results/aaSuite_germline_ss/v0.1344.2/GRCh37/minCN4.5/cnsizeMin50000/-1X/calls/SKKURT-320DM-0001-TPX-A01-WGS-2OJ361/SKKURT-320DM-0001-TPX-A01-WGS-2OJ361_output/SKKURT-320DM-0001-TPX-A01-WGS-2OJ361_AA_results/SKKURT-320DM-0001-TPX-A01-WGS-2OJ361_amplicon1_cycles.txt	Cycle=3	Copy_count=1.83050979411	5+	5	1	146818242	146818870	146701633	146818870	1	146701634	146818871	1:146701634	1:146818871	NA	NA	1:146701634(+)-1:146818920(+)__1_146818370_146819370D	1:146701634(+)-1:146818920(+)__1_146818370_146819370D
/mnt/NAS4/home/mary/HL-NF/scratch/SKKURT/results/aaSuite_germline_ss/v0.1344.2/GRCh37/minCN4.5/cnsizeMin50000/-1X/calls/SKKURT-320DM-0001-TPX-A01-WGS-2OJ361/SKKURT-320DM-0001-TPX-A01-WGS-2OJ361_output/SKKURT-320DM-0001-TPX-A01-WGS-2OJ361_AA_results/SKKURT-320DM-0001-TPX-A01-WGS-2OJ361_amplicon1_cycles.txt	Cycle=3	Copy_count=1.83050979411	1-	1	1	146363089	146701633		146363089			146363090	NA:NA	1:146363090	NA	NA	NA	NA
/mnt/NAS4/home/mary/HL-NF/scratch/SKKURT/results/aaSuite_germline_ss/v0.1344.2/GRCh37/minCN4.5/cnsizeMin50000/-1X/calls/SKKURT-320DM-0001-TPX-A01-WGS-2OJ361/SKKURT-320DM-0001-TPX-A01-WGS-2OJ361_output/SKKURT-320DM-0001-TPX-A01-WGS-2OJ361_AA_results/SKKURT-320DM-0001-TPX-A01-WGS-2OJ361_amplicon1_cycles.txt	Cycle=3	Copy_count=1.83050979411	0-	0									NA:NA	NA:NA	NA	NA	NA	NA
/mnt/NAS4/home/mary/HL-NF/scratch/SKKURT/results/aaSuite_germline_ss/v0.1344.2/GRCh37/minCN4.5/cnsizeMin50000/-1X/calls/SKKURT-320DM-0001-TPX-A01-WGS-2OJ361/SKKURT-320DM-0001-TPX-A01-WGS-2OJ361_output/SKKURT-320DM-0001-TPX-A01-WGS-2OJ361_AA_results/SKKURT-320DM-0001-TPX-A01-WGS-2OJ361_amplicon1_cycles.txt	Cycle=4	Copy_count=1.71533845901	0+	0				147931294		1	147931295		1:147931295	NA:NA	NA	NA	NA	NA
/mnt/NAS4/home/mary/HL-NF/scratch/SKKURT/results/aaSuite_germline_ss/v0.1344.2/GRCh37/minCN4.5/cnsizeMin50000/-1X/calls/SKKURT-320DM-0001-TPX-A01-WGS-2OJ361/SKKURT-320DM-0001-TPX-A01-WGS-2OJ361_output/SKKURT-320DM-0001-TPX-A01-WGS-2OJ361_AA_results/SKKURT-320DM-0001-TPX-A01-WGS-2OJ361_amplicon1_cycles.txt	Cycle=4	Copy_count=1.71533845901	7-	7	1	147502200	147931294		147502200			147502201	NA:NA	1:147502201	NA	NA	NA	NA
/mnt/NAS4/home/mary/HL-NF/scratch/SKKURT/results/aaSuite_germline_ss/v0.1344.2/GRCh37/minCN4.5/cnsizeMin50000/-1X/calls/SKKURT-320DM-0001-TPX-A01-WGS-2OJ361/SKKURT-320DM-0001-TPX-A01-WGS-2OJ361_output/SKKURT-320DM-0001-TPX-A01-WGS-2OJ361_AA_results/SKKURT-320DM-0001-TPX-A01-WGS-2OJ361_amplicon1_cycles.txt	Cycle=4	Copy_count=1.71533845901	0-	0									NA:NA	NA:NA	NA	NA	NA	NA
/mnt/NAS4/home/mary/HL-NF/scratch/SKKURT/results/aaSuite_germline_ss/v0.1344.2/GRCh37/minCN4.5/cnsizeMin50000/-1X/calls/SKKURT-320DM-0001-TPX-A01-WGS-2OJ361/SKKURT-320DM-0001-TPX-A01-WGS-2OJ361_output/SKKURT-320DM-0001-TPX-A01-WGS-2OJ361_AA_results/SKKURT-320DM-0001-TPX-A01-WGS-2OJ361_amplicon1_cycles.txt	Cycle=5	Copy_count=0.99822039223	0+	0				147931294		1	147931295		1:147931295	NA:NA	NA	NA	NA	NA
/mnt/NAS4/home/mary/HL-NF/scratch/SKKURT/results/aaSuite_germline_ss/v0.1344.2/GRCh37/minCN4.5/cnsizeMin50000/-1X/calls/SKKURT-320DM-0001-TPX-A01-WGS-2OJ361/SKKURT-320DM-0001-TPX-A01-WGS-2OJ361_output/SKKURT-320DM-0001-TPX-A01-WGS-2OJ361_AA_results/SKKURT-320DM-0001-TPX-A01-WGS-2OJ361_amplicon1_cycles.txt	Cycle=5	Copy_count=0.99822039223	9-	9	1	147855600	147931294		147855600			147855601	NA:NA	1:147855601	NA	NA	NA	NA
/mnt/NAS4/home/mary/HL-NF/scratch/SKKURT/results/aaSuite_germline_ss/v0.1344.2/GRCh37/minCN4.5/cnsizeMin50000/-1X/calls/SKKURT-320DM-0001-TPX-A01-WGS-2OJ361/SKKURT-320DM-0001-TPX-A01-WGS-2OJ361_output/SKKURT-320DM-0001-TPX-A01-WGS-2OJ361_AA_results/SKKURT-320DM-0001-TPX-A01-WGS-2OJ361_amplicon1_cycles.txt	Cycle=5	Copy_count=0.99822039223	0-	0									NA:NA	NA:NA	NA	NA	NA	NA
/mnt/NAS4/home/mary/HL-NF/scratch/SKKURT/results/aaSuite_germline_ss/v0.1344.2/GRCh37/minCN4.5/cnsizeMin50000/-1X/calls/SKKURT-320DM-0001-TPX-A01-WGS-2OJ361/SKKURT-320DM-0001-TPX-A01-WGS-2OJ361_output/SKKURT-320DM-0001-TPX-A01-WGS-2OJ361_AA_results/SKKURT-320DM-0001-TPX-A01-WGS-2OJ361_amplicon1_cycles.txt	Cycle=6	Copy_count=0.602817024876	0+	0				147931294		1	147931295		1:147931295	NA:NA	NA	NA	NA	NA
/mnt/NAS4/home/mary/HL-NF/scratch/SKKURT/results/aaSuite_germline_ss/v0.1344.2/GRCh37/minCN4.5/cnsizeMin50000/-1X/calls/SKKURT-320DM-0001-TPX-A01-WGS-2OJ361/SKKURT-320DM-0001-TPX-A01-WGS-2OJ361_output/SKKURT-320DM-0001-TPX-A01-WGS-2OJ361_AA_results/SKKURT-320DM-0001-TPX-A01-WGS-2OJ361_amplicon1_cycles.txt	Cycle=6	Copy_count=0.602817024876	6-	6	1	147486000	147931294		147486000			147486001	NA:NA	1:147486001	NA	NA	NA	NA
/mnt/NAS4/home/mary/HL-NF/scratch/SKKURT/results/aaSuite_germline_ss/v0.1344.2/GRCh37/minCN4.5/cnsizeMin50000/-1X/calls/SKKURT-320DM-0001-TPX-A01-WGS-2OJ361/SKKURT-320DM-0001-TPX-A01-WGS-2OJ361_output/SKKURT-320DM-0001-TPX-A01-WGS-2OJ361_AA_results/SKKURT-320DM-0001-TPX-A01-WGS-2OJ361_amplicon1_cycles.txt	Cycle=6	Copy_count=0.602817024876	0-	0									NA:NA	NA:NA	NA	NA	NA	NA
/mnt/NAS4/home/mary/HL-NF/scratch/SKKURT/results/aaSuite_germline_ss/v0.1344.2/GRCh37/minCN4.5/cnsizeMin50000/-1X/calls/SKKURT-320DM-0001-TPX-A01-WGS-2OJ361/SKKURT-320DM-0001-TPX-A01-WGS-2OJ361_output/SKKURT-320DM-0001-TPX-A01-WGS-2OJ361_AA_results/SKKURT-320DM-0001-TPX-A01-WGS-2OJ361_amplicon2_cycles.txt	Cycle=1	Copy_count=5.72166923014	4+	4	1	150421689	150774167	150776114	150774167	1	150776115	150774168	1:150776115	1:150774168	NA	NA	NA	c_1_150773667_150774667_0C,1:150774397(+)-1:150776232(+)__1_150773667_150774667D
/mnt/NAS4/home/mary/HL-NF/scratch/SKKURT/results/aaSuite_germline_ss/v0.1344.2/GRCh37/minCN4.5/cnsizeMin50000/-1X/calls/SKKURT-320DM-0001-TPX-A01-WGS-2OJ361/SKKURT-320DM-0001-TPX-A01-WGS-2OJ361_output/SKKURT-320DM-0001-TPX-A01-WGS-2OJ361_AA_results/SKKURT-320DM-0001-TPX-A01-WGS-2OJ361_amplicon2_cycles.txt	Cycle=1	Copy_count=5.72166923014	5-	5	1	150427431	150776114	150421689	150427431	1	150421690	150427432	1:150421690	1:150427432	c_1_150426931_150427931_3C	c_1_150426931_150427931_3C	1:150421689(-)-1:150427491(-)__1_150426931_150427931D,c_1_150426931_150427931_3C	1:150421689(-)-1:150427491(-)__1_150426931_150427931D,c_1_150426931_150427931_3C
/mnt/NAS4/home/mary/HL-NF/scratch/SKKURT/results/aaSuite_germline_ss/v0.1344.2/GRCh37/minCN4.5/cnsizeMin50000/-1X/calls/SKKURT-320DM-0001-TPX-A01-WGS-2OJ361/SKKURT-320DM-0001-TPX-A01-WGS-2OJ361_output/SKKURT-320DM-0001-TPX-A01-WGS-2OJ361_AA_results/SKKURT-320DM-0001-TPX-A01-WGS-2OJ361_amplicon2_cycles.txt	Cycle=2	Copy_count=3.21803473163	0+	0				150804602		1	150804603		1:150804603	NA:NA	NA	NA	NA	NA
/mnt/NAS4/home/mary/HL-NF/scratch/SKKURT/results/aaSuite_germline_ss/v0.1344.2/GRCh37/minCN4.5/cnsizeMin50000/-1X/calls/SKKURT-320DM-0001-TPX-A01-WGS-2OJ361/SKKURT-320DM-0001-TPX-A01-WGS-2OJ361_output/SKKURT-320DM-0001-TPX-A01-WGS-2OJ361_AA_results/SKKURT-320DM-0001-TPX-A01-WGS-2OJ361_amplicon2_cycles.txt	Cycle=2	Copy_count=3.21803473163	2-	2	1	149549640	150804602		149549640			149549641	NA:NA	1:149549641	NA	NA	NA	NA
/mnt/NAS4/home/mary/HL-NF/scratch/SKKURT/results/aaSuite_germline_ss/v0.1344.2/GRCh37/minCN4.5/cnsizeMin50000/-1X/calls/SKKURT-320DM-0001-TPX-A01-WGS-2OJ361/SKKURT-320DM-0001-TPX-A01-WGS-2OJ361_output/SKKURT-320DM-0001-TPX-A01-WGS-2OJ361_AA_results/SKKURT-320DM-0001-TPX-A01-WGS-2OJ361_amplicon2_cycles.txt	Cycle=2	Copy_count=3.21803473163	0-	0									NA:NA	NA:NA	NA	NA	NA	NA
/mnt/NAS4/home/mary/HL-NF/scratch/SKKURT/results/aaSuite_germline_ss/v0.1344.2/GRCh37/minCN4.5/cnsizeMin50000/-1X/calls/SKKURT-320DM-0001-TPX-A01-WGS-2OJ361/SKKURT-320DM-0001-TPX-A01-WGS-2OJ361_output/SKKURT-320DM-0001-TPX-A01-WGS-2OJ361_AA_results/SKKURT-320DM-0001-TPX-A01-WGS-2OJ361_amplicon2_cycles.txt	Cycle=3	Copy_count=2.00575036194	3+	3	1	150198359	150654128	150198359	150654128	1	150198360	150654129	1:150198360	1:150654129	c_1_150653628_150654628_4C	c_1_150653628_150654628_4C	c_1_150653628_150654628_4C	c_1_150653628_150654628_4C
/mnt/NAS4/home/mary/HL-NF/scratch/SKKURT/results/aaSuite_germline_ss/v0.1344.2/GRCh37/minCN4.5/cnsizeMin50000/-1X/calls/SKKURT-320DM-0001-TPX-A01-WGS-2OJ361/SKKURT-320DM-0001-TPX-A01-WGS-2OJ361_output/SKKURT-320DM-0001-TPX-A01-WGS-2OJ361_AA_results/SKKURT-320DM-0001-TPX-A01-WGS-2OJ361_amplicon2_cycles.txt	Cycle=4	Copy_count=1.43869990932	0+	0				149549640		1	149549641		1:149549641	NA:NA	NA	NA	NA	NA
/mnt/NAS4/home/mary/HL-NF/scratch/SKKURT/results/aaSuite_germline_ss/v0.1344.2/GRCh37/minCN4.5/cnsizeMin50000/-1X/calls/SKKURT-320DM-0001-TPX-A01-WGS-2OJ361/SKKURT-320DM-0001-TPX-A01-WGS-2OJ361_output/SKKURT-320DM-0001-TPX-A01-WGS-2OJ361_AA_results/SKKURT-320DM-0001-TPX-A01-WGS-2OJ361_amplicon2_cycles.txt	Cycle=4	Copy_count=1.43869990932	1+	1	1	149549640	150352352	150628013	150352352	1	150628014	150352353	1:150628014	1:150352353	c_1_150627513_150628513_2C	c_1_150627513_150628513_2C	c_1_150627513_150628513_2C,1:150352421(+)-1:150628091(+)__1_150627513_150628513D	c_1_150627513_150628513_2C,1:150352421(+)-1:150628091(+)__1_150627513_150628513D
/mnt/NAS4/home/mary/HL-NF/scratch/SKKURT/results/aaSuite_germline_ss/v0.1344.2/GRCh37/minCN4.5/cnsizeMin50000/-1X/calls/SKKURT-320DM-0001-TPX-A01-WGS-2OJ361/SKKURT-320DM-0001-TPX-A01-WGS-2OJ361_output/SKKURT-320DM-0001-TPX-A01-WGS-2OJ361_AA_results/SKKURT-320DM-0001-TPX-A01-WGS-2OJ361_amplicon2_cycles.txt	Cycle=4	Copy_count=1.43869990932	6-	6	1	150498860	150628013	150685522	150498860	1	150685523	150498861	1:150685523	1:150498861	c_1_150498360_150499360_12C	c_1_150498360_150499360_12C	c_1_150498360_150499360_12C,1:150498860(-)-1:150685584(-)__1_150685022_150686022D	c_1_150498360_150499360_12C,1:150498860(-)-1:150685584(-)__1_150685022_150686022D
/mnt/NAS4/home/mary/HL-NF/scratch/SKKURT/results/aaSuite_germline_ss/v0.1344.2/GRCh37/minCN4.5/cnsizeMin50000/-1X/calls/SKKURT-320DM-0001-TPX-A01-WGS-2OJ361/SKKURT-320DM-0001-TPX-A01-WGS-2OJ361_output/SKKURT-320DM-0001-TPX-A01-WGS-2OJ361_AA_results/SKKURT-320DM-0001-TPX-A01-WGS-2OJ361_amplicon2_cycles.txt	Cycle=4	Copy_count=1.43869990932	8+	8	1	150685522	150776114	150774167	150776114	1	150774168	150776115	1:150774168	1:150776115	NA	NA	NA	c_1_150773667_150774667_0C,1:150774397(+)-1:150776232(+)__1_150773667_150774667D
/mnt/NAS4/home/mary/HL-NF/scratch/SKKURT/results/aaSuite_germline_ss/v0.1344.2/GRCh37/minCN4.5/cnsizeMin50000/-1X/calls/SKKURT-320DM-0001-TPX-A01-WGS-2OJ361/SKKURT-320DM-0001-TPX-A01-WGS-2OJ361_output/SKKURT-320DM-0001-TPX-A01-WGS-2OJ361_AA_results/SKKURT-320DM-0001-TPX-A01-WGS-2OJ361_amplicon2_cycles.txt	Cycle=4	Copy_count=1.43869990932	7-	7	1	150685522	150774167	150498860	150685522	1	150498861	150685523	1:150498861	1:150685523	c_1_150498360_150499360_12C	c_1_150498360_150499360_12C	1:150498860(-)-1:150685584(-)__1_150685022_150686022D,c_1_150498360_150499360_12C	1:150498860(-)-1:150685584(-)__1_150685022_150686022D,c_1_150498360_150499360_12C
/mnt/NAS4/home/mary/HL-NF/scratch/SKKURT/results/aaSuite_germline_ss/v0.1344.2/GRCh37/minCN4.5/cnsizeMin50000/-1X/calls/SKKURT-320DM-0001-TPX-A01-WGS-2OJ361/SKKURT-320DM-0001-TPX-A01-WGS-2OJ361_output/SKKURT-320DM-0001-TPX-A01-WGS-2OJ361_AA_results/SKKURT-320DM-0001-TPX-A01-WGS-2OJ361_amplicon2_cycles.txt	Cycle=4	Copy_count=1.43869990932	6+	6	1	150498860	150628013	150352352	150628013	1	150352353	150628014	1:150352353	1:150628014	c_1_150627513_150628513_2C	c_1_150627513_150628513_2C	c_1_150627513_150628513_2C,1:150352421(+)-1:150628091(+)__1_150627513_150628513D	c_1_150627513_150628513_2C,1:150352421(+)-1:150628091(+)__1_150627513_150628513D
/mnt/NAS4/home/mary/HL-NF/scratch/SKKURT/results/aaSuite_germline_ss/v0.1344.2/GRCh37/minCN4.5/cnsizeMin50000/-1X/calls/SKKURT-320DM-0001-TPX-A01-WGS-2OJ361/SKKURT-320DM-0001-TPX-A01-WGS-2OJ361_output/SKKURT-320DM-0001-TPX-A01-WGS-2OJ361_AA_results/SKKURT-320DM-0001-TPX-A01-WGS-2OJ361_amplicon2_cycles.txt	Cycle=4	Copy_count=1.43869990932	1-	1	1	149549640	150352352		149549640			149549641	NA:NA	1:149549641	NA	NA	NA	NA
/mnt/NAS4/home/mary/HL-NF/scratch/SKKURT/results/aaSuite_germline_ss/v0.1344.2/GRCh37/minCN4.5/cnsizeMin50000/-1X/calls/SKKURT-320DM-0001-TPX-A01-WGS-2OJ361/SKKURT-320DM-0001-TPX-A01-WGS-2OJ361_output/SKKURT-320DM-0001-TPX-A01-WGS-2OJ361_AA_results/SKKURT-320DM-0001-TPX-A01-WGS-2OJ361_amplicon2_cycles.txt	Cycle=4	Copy_count=1.43869990932	0-	0									NA:NA	NA:NA	NA	NA	NA	NA
/mnt/NAS4/home/mary/HL-NF/scratch/SKKURT/results/aaSuite_germline_ss/v0.1344.2/GRCh37/minCN4.5/cnsizeMin50000/-1X/calls/SKKURT-320DM-0001-TPX-A01-WGS-2OJ361/SKKURT-320DM-0001-TPX-A01-WGS-2OJ361_output/SKKURT-320DM-0001-TPX-A01-WGS-2OJ361_AA_results/SKKURT-320DM-0001-TPX-A01-WGS-2OJ361_amplicon3_cycles.txt	Cycle=1	Copy_count=2.83096049414	0+	0				131320936		2	131320937		2:131320937	NA:NA	NA	NA	NA	NA
/mnt/NAS4/home/mary/HL-NF/scratch/SKKURT/results/aaSuite_germline_ss/v0.1344.2/GRCh37/minCN4.5/cnsizeMin50000/-1X/calls/SKKURT-320DM-0001-TPX-A01-WGS-2OJ361/SKKURT-320DM-0001-TPX-A01-WGS-2OJ361_output/SKKURT-320DM-0001-TPX-A01-WGS-2OJ361_AA_results/SKKURT-320DM-0001-TPX-A01-WGS-2OJ361_amplicon3_cycles.txt	Cycle=1	Copy_count=2.83096049414	8-	8	2	130943344	131320936	132246483	130943344	2	132246484	130943345	2:132246484	2:130943345	2:130943344(-)-2:132246483(-)__2_130942844_130943844D	2:130943344(-)-2:132246483(-)__2_130942844_130943844D	2:130943344(-)-2:132246483(-)__2_130942844_130943844D	2:130943344(-)-2:132246483(-)__2_130942844_130943844D,2:130943052(+)-2:132246886(+)__2_130942844_130943844D
/mnt/NAS4/home/mary/HL-NF/scratch/SKKURT/results/aaSuite_germline_ss/v0.1344.2/GRCh37/minCN4.5/cnsizeMin50000/-1X/calls/SKKURT-320DM-0001-TPX-A01-WGS-2OJ361/SKKURT-320DM-0001-TPX-A01-WGS-2OJ361_output/SKKURT-320DM-0001-TPX-A01-WGS-2OJ361_AA_results/SKKURT-320DM-0001-TPX-A01-WGS-2OJ361_amplicon3_cycles.txt	Cycle=1	Copy_count=2.83096049414	12+	12	2	132246483	132246885	130943051	132246885	2	130943052	132246886	2:130943052	2:132246886	2:130943052(+)-2:132246886(+)__2_130942844_130943844D	2:130943052(+)-2:132246886(+)__2_130942844_130943844D	2:130943052(+)-2:132246886(+)__2_130942844_130943844D	2:130943052(+)-2:132246886(+)__2_130942844_130943844D,2:130943344(-)-2:132246483(-)__2_130942844_130943844D
/mnt/NAS4/home/mary/HL-NF/scratch/SKKURT/results/aaSuite_germline_ss/v0.1344.2/GRCh37/minCN4.5/cnsizeMin50000/-1X/calls/SKKURT-320DM-0001-TPX-A01-WGS-2OJ361/SKKURT-320DM-0001-TPX-A01-WGS-2OJ361_output/SKKURT-320DM-0001-TPX-A01-WGS-2OJ361_AA_results/SKKURT-320DM-0001-TPX-A01-WGS-2OJ361_amplicon3_cycles.txt	Cycle=1	Copy_count=2.83096049414	1-	1	2	127126013	130943051		127126013			127126014	NA:NA	2:127126014	NA	NA	NA	NA
/mnt/NAS4/home/mary/HL-NF/scratch/SKKURT/results/aaSuite_germline_ss/v0.1344.2/GRCh37/minCN4.5/cnsizeMin50000/-1X/calls/SKKURT-320DM-0001-TPX-A01-WGS-2OJ361/SKKURT-320DM-0001-TPX-A01-WGS-2OJ361_output/SKKURT-320DM-0001-TPX-A01-WGS-2OJ361_AA_results/SKKURT-320DM-0001-TPX-A01-WGS-2OJ361_amplicon3_cycles.txt	Cycle=1	Copy_count=2.83096049414	0-	0									NA:NA	NA:NA	NA	NA	NA	NA
/mnt/NAS4/home/mary/HL-NF/scratch/SKKURT/results/aaSuite_germline_ss/v0.1344.2/GRCh37/minCN4.5/cnsizeMin50000/-1X/calls/SKKURT-320DM-0001-TPX-A01-WGS-2OJ361/SKKURT-320DM-0001-TPX-A01-WGS-2OJ361_output/SKKURT-320DM-0001-TPX-A01-WGS-2OJ361_AA_results/SKKURT-320DM-0001-TPX-A01-WGS-2OJ361_amplicon3_cycles.txt	Cycle=2	Copy_count=1.82897071404	0+	0				132247172		2	132247173		2:132247173	NA:NA	NA	NA	NA	NA
/mnt/NAS4/home/mary/HL-NF/scratch/SKKURT/results/aaSuite_germline_ss/v0.1344.2/GRCh37/minCN4.5/cnsizeMin50000/-1X/calls/SKKURT-320DM-0001-TPX-A01-WGS-2OJ361/SKKURT-320DM-0001-TPX-A01-WGS-2OJ361_output/SKKURT-320DM-0001-TPX-A01-WGS-2OJ361_AA_results/SKKURT-320DM-0001-TPX-A01-WGS-2OJ361_amplicon3_cycles.txt	Cycle=2	Copy_count=1.82897071404	10-	10	2	132126097	132247172		132126097			132126098	NA:NA	2:132126098	NA	NA	NA	NA
/mnt/NAS4/home/mary/HL-NF/scratch/SKKURT/results/aaSuite_germline_ss/v0.1344.2/GRCh37/minCN4.5/cnsizeMin50000/-1X/calls/SKKURT-320DM-0001-TPX-A01-WGS-2OJ361/SKKURT-320DM-0001-TPX-A01-WGS-2OJ361_output/SKKURT-320DM-0001-TPX-A01-WGS-2OJ361_AA_results/SKKURT-320DM-0001-TPX-A01-WGS-2OJ361_amplicon3_cycles.txt	Cycle=2	Copy_count=1.82897071404	0-	0									NA:NA	NA:NA	NA	NA	NA	NA
/mnt/NAS4/home/mary/HL-NF/scratch/SKKURT/results/aaSuite_germline_ss/v0.1344.2/GRCh37/minCN4.5/cnsizeMin50000/-1X/calls/SKKURT-320DM-0001-TPX-A01-WGS-2OJ361/SKKURT-320DM-0001-TPX-A01-WGS-2OJ361_output/SKKURT-320DM-0001-TPX-A01-WGS-2OJ361_AA_results/SKKURT-320DM-0001-TPX-A01-WGS-2OJ361_amplicon3_cycles.txt	Cycle=3	Copy_count=1.33314033949	0+	0				131220299		2	131220300		2:131220300	NA:NA	NA	NA	NA	NA
/mnt/NAS4/home/mary/HL-NF/scratch/SKKURT/results/aaSuite_germline_ss/v0.1344.2/GRCh37/minCN4.5/cnsizeMin50000/-1X/calls/SKKURT-320DM-0001-TPX-A01-WGS-2OJ361/SKKURT-320DM-0001-TPX-A01-WGS-2OJ361_output/SKKURT-320DM-0001-TPX-A01-WGS-2OJ361_AA_results/SKKURT-320DM-0001-TPX-A01-WGS-2OJ361_amplicon3_cycles.txt	Cycle=3	Copy_count=1.33314033949	2-	2	2	127126013	131220299		127126013			127126014	NA:NA	2:127126014	NA	NA	NA	NA
/mnt/NAS4/home/mary/HL-NF/scratch/SKKURT/results/aaSuite_germline_ss/v0.1344.2/GRCh37/minCN4.5/cnsizeMin50000/-1X/calls/SKKURT-320DM-0001-TPX-A01-WGS-2OJ361/SKKURT-320DM-0001-TPX-A01-WGS-2OJ361_output/SKKURT-320DM-0001-TPX-A01-WGS-2OJ361_AA_results/SKKURT-320DM-0001-TPX-A01-WGS-2OJ361_amplicon3_cycles.txt	Cycle=3	Copy_count=1.33314033949	0-	0									NA:NA	NA:NA	NA	NA	NA	NA
/mnt/NAS4/home/mary/HL-NF/scratch/SKKURT/results/aaSuite_germline_ss/v0.1344.2/GRCh37/minCN4.5/cnsizeMin50000/-1X/calls/SKKURT-320DM-0001-TPX-A01-WGS-2OJ361/SKKURT-320DM-0001-TPX-A01-WGS-2OJ361_output/SKKURT-320DM-0001-TPX-A01-WGS-2OJ361_AA_results/SKKURT-320DM-0001-TPX-A01-WGS-2OJ361_amplicon3_cycles.txt	Cycle=4	Copy_count=1.17215857986	11+	11	2	132129741	132130429	131037675	132130429	2	131037676	132130430	2:131037676	2:132130430	NA	NA	NA	2:131037333(-)-2:132130188(-)__2_131037175_131038175D
/mnt/NAS4/home/mary/HL-NF/scratch/SKKURT/results/aaSuite_germline_ss/v0.1344.2/GRCh37/minCN4.5/cnsizeMin50000/-1X/calls/SKKURT-320DM-0001-TPX-A01-WGS-2OJ361/SKKURT-320DM-0001-TPX-A01-WGS-2OJ361_output/SKKURT-320DM-0001-TPX-A01-WGS-2OJ361_AA_results/SKKURT-320DM-0001-TPX-A01-WGS-2OJ361_amplicon3_cycles.txt	Cycle=4	Copy_count=1.17215857986	9-	9	2	131037333	131037675	132129741	131037333	2	132129742	131037334	2:132129742	2:131037334	NA	NA	NA	2:131037604(+)-2:132129897(+)__2_131037175_131038175D,2:131037333(-)-2:132130188(-)__2_131037175_131038175D
/mnt/NAS4/home/mary/HL-NF/scratch/SKKURT/results/aaSuite_germline_ss/v0.1344.2/GRCh37/minCN4.5/cnsizeMin50000/-1X/calls/SKKURT-320DM-0001-TPX-A01-WGS-2OJ361/SKKURT-320DM-0001-TPX-A01-WGS-2OJ361_output/SKKURT-320DM-0001-TPX-A01-WGS-2OJ361_AA_results/SKKURT-320DM-0001-TPX-A01-WGS-2OJ361_amplicon3_cycles.txt	Cycle=5	Copy_count=1.15490722804	3+	3	2	127151612	128998292	128996324	128998292	2	128996325	128998293	2:128996325	2:128998293	c_2_128995824_128996824_4C	c_2_128995824_128996824_4C	c_2_128995824_128996824_4C	c_2_128995824_128996824_4C,2:128996435(+)-2:128998272(+)__2_128997792_128998792D
/mnt/NAS4/home/mary/HL-NF/scratch/SKKURT/results/aaSuite_germline_ss/v0.1344.2/GRCh37/minCN4.5/cnsizeMin50000/-1X/calls/SKKURT-320DM-0001-TPX-A01-WGS-2OJ361/SKKURT-320DM-0001-TPX-A01-WGS-2OJ361_output/SKKURT-320DM-0001-TPX-A01-WGS-2OJ361_AA_results/SKKURT-320DM-0001-TPX-A01-WGS-2OJ361_amplicon3_cycles.txt	Cycle=5	Copy_count=1.15490722804	6-	6	2	127158026	128996324	127151612	127158026	2	127151613	127158027	2:127151613	2:127158027	c_2_127157526_127158526_0C	c_2_127157526_127158526_0C	2:127151612(-)-2:127158104(-)__2_127157526_127158526D,c_2_127157526_127158526_0C	2:127151612(-)-2:127158104(-)__2_127157526_127158526D,c_2_127157526_127158526_0C
/mnt/NAS4/home/mary/HL-NF/scratch/SKKURT/results/aaSuite_germline_ss/v0.1344.2/GRCh37/minCN4.5/cnsizeMin50000/-1X/calls/SKKURT-320DM-0001-TPX-A01-WGS-2OJ361/SKKURT-320DM-0001-TPX-A01-WGS-2OJ361_output/SKKURT-320DM-0001-TPX-A01-WGS-2OJ361_AA_results/SKKURT-320DM-0001-TPX-A01-WGS-2OJ361_amplicon3_cycles.txt	Cycle=6	Copy_count=0.885189494438	0+	0				131220299		2	131220300		2:131220300	NA:NA	NA	NA	NA	NA
/mnt/NAS4/home/mary/HL-NF/scratch/SKKURT/results/aaSuite_germline_ss/v0.1344.2/GRCh37/minCN4.5/cnsizeMin50000/-1X/calls/SKKURT-320DM-0001-TPX-A01-WGS-2OJ361/SKKURT-320DM-0001-TPX-A01-WGS-2OJ361_output/SKKURT-320DM-0001-TPX-A01-WGS-2OJ361_AA_results/SKKURT-320DM-0001-TPX-A01-WGS-2OJ361_amplicon3_cycles.txt	Cycle=6	Copy_count=0.885189494438	7-	7	2	128947743	131220299		128947743			128947744	NA:NA	2:128947744	NA	NA	NA	NA
/mnt/NAS4/home/mary/HL-NF/scratch/SKKURT/results/aaSuite_germline_ss/v0.1344.2/GRCh37/minCN4.5/cnsizeMin50000/-1X/calls/SKKURT-320DM-0001-TPX-A01-WGS-2OJ361/SKKURT-320DM-0001-TPX-A01-WGS-2OJ361_output/SKKURT-320DM-0001-TPX-A01-WGS-2OJ361_AA_results/SKKURT-320DM-0001-TPX-A01-WGS-2OJ361_amplicon3_cycles.txt	Cycle=6	Copy_count=0.885189494438	0-	0									NA:NA	NA:NA	NA	NA	NA	NA
/mnt/NAS4/home/mary/HL-NF/scratch/SKKURT/results/aaSuite_germline_ss/v0.1344.2/GRCh37/minCN4.5/cnsizeMin50000/-1X/calls/SKKURT-320DM-0001-TPX-A01-WGS-2OJ361/SKKURT-320DM-0001-TPX-A01-WGS-2OJ361_output/SKKURT-320DM-0001-TPX-A01-WGS-2OJ361_AA_results/SKKURT-320DM-0001-TPX-A01-WGS-2OJ361_amplicon3_cycles.txt	Cycle=7	Copy_count=0.414649267226	0+	0				131320936		2	131320937		2:131320937	NA:NA	NA	NA	NA	NA
/mnt/NAS4/home/mary/HL-NF/scratch/SKKURT/results/aaSuite_germline_ss/v0.1344.2/GRCh37/minCN4.5/cnsizeMin50000/-1X/calls/SKKURT-320DM-0001-TPX-A01-WGS-2OJ361/SKKURT-320DM-0001-TPX-A01-WGS-2OJ361_output/SKKURT-320DM-0001-TPX-A01-WGS-2OJ361_AA_results/SKKURT-320DM-0001-TPX-A01-WGS-2OJ361_amplicon3_cycles.txt	Cycle=7	Copy_count=0.414649267226	4-	4	2	127151612	131320936	127158026	127151612	2	127158027	127151613	2:127158027	2:127151613	c_2_127157526_127158526_0C	c_2_127157526_127158526_0C	c_2_127157526_127158526_0C,2:127151612(-)-2:127158104(-)__2_127157526_127158526D	c_2_127157526_127158526_0C,2:127151612(-)-2:127158104(-)__2_127157526_127158526D
/mnt/NAS4/home/mary/HL-NF/scratch/SKKURT/results/aaSuite_germline_ss/v0.1344.2/GRCh37/minCN4.5/cnsizeMin50000/-1X/calls/SKKURT-320DM-0001-TPX-A01-WGS-2OJ361/SKKURT-320DM-0001-TPX-A01-WGS-2OJ361_output/SKKURT-320DM-0001-TPX-A01-WGS-2OJ361_AA_results/SKKURT-320DM-0001-TPX-A01-WGS-2OJ361_amplicon3_cycles.txt	Cycle=7	Copy_count=0.414649267226	5+	5	2	127158026	127522199		127522199			127522200	NA:NA	2:127522200	NA	NA	NA	NA
/mnt/NAS4/home/mary/HL-NF/scratch/SKKURT/results/aaSuite_germline_ss/v0.1344.2/GRCh37/minCN4.5/cnsizeMin50000/-1X/calls/SKKURT-320DM-0001-TPX-A01-WGS-2OJ361/SKKURT-320DM-0001-TPX-A01-WGS-2OJ361_output/SKKURT-320DM-0001-TPX-A01-WGS-2OJ361_AA_results/SKKURT-320DM-0001-TPX-A01-WGS-2OJ361_amplicon3_cycles.txt	Cycle=7	Copy_count=0.414649267226	0-	0									NA:NA	NA:NA	NA	NA	NA	NA
/mnt/NAS4/home/mary/HL-NF/scratch/SKKURT/results/aaSuite_germline_ss/v0.1344.2/GRCh37/minCN4.5/cnsizeMin50000/-1X/calls/SKKURT-320DM-0001-TPX-A01-WGS-2OJ361/SKKURT-320DM-0001-TPX-A01-WGS-2OJ361_output/SKKURT-320DM-0001-TPX-A01-WGS-2OJ361_AA_results/SKKURT-320DM-0001-TPX-A01-WGS-2OJ361_amplicon4_cycles.txt	Cycle=1	Copy_count=161.024535508	23+	23	8	128750438	128836641	128750438	128836641	8	128750439	128836642	8:128750439	8:128836642	c_8_128749938_128750938_4C	c_8_128749938_128750938_4C,c_8_128836141_128837141_12C	c_8_128749938_128750938_4C,c_8_128836141_128837141_12C	c_8_128749938_128750938_4C,c_8_128836141_128837141_12C
/mnt/NAS4/home/mary/HL-NF/scratch/SKKURT/results/aaSuite_germline_ss/v0.1344.2/GRCh37/minCN4.5/cnsizeMin50000/-1X/calls/SKKURT-320DM-0001-TPX-A01-WGS-2OJ361/SKKURT-320DM-0001-TPX-A01-WGS-2OJ361_output/SKKURT-320DM-0001-TPX-A01-WGS-2OJ361_AA_results/SKKURT-320DM-0001-TPX-A01-WGS-2OJ361_amplicon4_cycles.txt	Cycle=10	Copy_count=21.0383112282	17+	17	8	128302324	128756597	127705655	128756597	8	127705656	128756598	8:127705656	8:128756598	NA	NA	8:127705625(+)-8:128756598(+)__8_128756079_128757079D	8:127705625(+)-8:128756598(+)__8_128756079_128757079D
/mnt/NAS4/home/mary/HL-NF/scratch/SKKURT/results/aaSuite_germline_ss/v0.1344.2/GRCh37/minCN4.5/cnsizeMin50000/-1X/calls/SKKURT-320DM-0001-TPX-A01-WGS-2OJ361/SKKURT-320DM-0001-TPX-A01-WGS-2OJ361_output/SKKURT-320DM-0001-TPX-A01-WGS-2OJ361_AA_results/SKKURT-320DM-0001-TPX-A01-WGS-2OJ361_amplicon4_cycles.txt	Cycle=10	Copy_count=21.0383112282	5-	5	8	127565465	127705655	128421047	127565465	8	128421048	127565466	8:128421048	8:127565466	c_8_127564965_127565965_5C	c_8_127564965_127565965_5C	c_8_127564965_127565965_5C	c_8_127564965_127565965_5C,8:127565463(-)-8:128421168(+)__8_128420547_128421547D
/mnt/NAS4/home/mary/HL-NF/scratch/SKKURT/results/aaSuite_germline_ss/v0.1344.2/GRCh37/minCN4.5/cnsizeMin50000/-1X/calls/SKKURT-320DM-0001-TPX-A01-WGS-2OJ361/SKKURT-320DM-0001-TPX-A01-WGS-2OJ361_output/SKKURT-320DM-0001-TPX-A01-WGS-2OJ361_AA_results/SKKURT-320DM-0001-TPX-A01-WGS-2OJ361_amplicon4_cycles.txt	Cycle=10	Copy_count=21.0383112282	18-	18	8	128339962	128421047	128302324	128339962	8	128302325	128339963	8:128302325	8:128339963	c_8_128339462_128340462_2C	c_8_128339462_128340462_2C	c_8_128339462_128340462_2C	c_8_128339462_128340462_2C
/mnt/NAS4/home/mary/HL-NF/scratch/SKKURT/results/aaSuite_germline_ss/v0.1344.2/GRCh37/minCN4.5/cnsizeMin50000/-1X/calls/SKKURT-320DM-0001-TPX-A01-WGS-2OJ361/SKKURT-320DM-0001-TPX-A01-WGS-2OJ361_output/SKKURT-320DM-0001-TPX-A01-WGS-2OJ361_AA_results/SKKURT-320DM-0001-TPX-A01-WGS-2OJ361_amplicon4_cycles.txt	Cycle=11	Copy_count=16.3395732204	19+	19	8	128339962	128746345	128300875	128746345	8	128300876	128746346	8:128300876	8:128746346	c_8_128300375_128301375_22C	c_8_128300375_128301375_22C	c_8_128300375_128301375_22C	c_8_128300375_128301375_22C
/mnt/NAS4/home/mary/HL-NF/scratch/SKKURT/results/aaSuite_germline_ss/v0.1344.2/GRCh37/minCN4.5/cnsizeMin50000/-1X/calls/SKKURT-320DM-0001-TPX-A01-WGS-2OJ361/SKKURT-320DM-0001-TPX-A01-WGS-2OJ361_output/SKKURT-320DM-0001-TPX-A01-WGS-2OJ361_AA_results/SKKURT-320DM-0001-TPX-A01-WGS-2OJ361_amplicon4_cycles.txt	Cycle=11	Copy_count=16.3395732204	10-	10	8	127992083	128300875	128951507	127992083	8	128951508	127992084	8:128951508	8:127992084	NA	c_8_127991583_127992583_6C	c_8_127991583_127992583_6C	c_8_127991583_127992583_6C
/mnt/NAS4/home/mary/HL-NF/scratch/SKKURT/results/aaSuite_germline_ss/v0.1344.2/GRCh37/minCN4.5/cnsizeMin50000/-1X/calls/SKKURT-320DM-0001-TPX-A01-WGS-2OJ361/SKKURT-320DM-0001-TPX-A01-WGS-2OJ361_output/SKKURT-320DM-0001-TPX-A01-WGS-2OJ361_AA_results/SKKURT-320DM-0001-TPX-A01-WGS-2OJ361_amplicon4_cycles.txt	Cycle=11	Copy_count=16.3395732204	30+	30	8	128951507	129005096	128808745	129005096	8	128808746	129005097	8:128808746	8:129005097	c_8_128808246_128809246_2C	c_8_128808246_128809246_2C	c_8_128808246_128809246_2C	8:128808745(-)-8:129005215(+)__8_129004596_129005596D,c_8_128808246_128809246_2C
/mnt/NAS4/home/mary/HL-NF/scratch/SKKURT/results/aaSuite_germline_ss/v0.1344.2/GRCh37/minCN4.5/cnsizeMin50000/-1X/calls/SKKURT-320DM-0001-TPX-A01-WGS-2OJ361/SKKURT-320DM-0001-TPX-A01-WGS-2OJ361_output/SKKURT-320DM-0001-TPX-A01-WGS-2OJ361_AA_results/SKKURT-320DM-0001-TPX-A01-WGS-2OJ361_amplicon4_cycles.txt	Cycle=11	Copy_count=16.3395732204	26+	26	8	128808745	128836641	128750438	128836641	8	128750439	128836642	8:128750439	8:128836642	c_8_128749938_128750938_4C	c_8_128749938_128750938_4C,c_8_128836141_128837141_12C	c_8_128749938_128750938_4C,c_8_128836141_128837141_12C	c_8_128749938_128750938_4C,c_8_128836141_128837141_12C
/mnt/NAS4/home/mary/HL-NF/scratch/SKKURT/results/aaSuite_germline_ss/v0.1344.2/GRCh37/minCN4.5/cnsizeMin50000/-1X/calls/SKKURT-320DM-0001-TPX-A01-WGS-2OJ361/SKKURT-320DM-0001-TPX-A01-WGS-2OJ361_output/SKKURT-320DM-0001-TPX-A01-WGS-2OJ361_AA_results/SKKURT-320DM-0001-TPX-A01-WGS-2OJ361_amplicon4_cycles.txt	Cycle=11	Copy_count=16.3395732204	22+	22	8	128750438	128756597	127705655	128756597	8	127705656	128756598	8:127705656	8:128756598	NA	NA	8:127705625(+)-8:128756598(+)__8_128756079_128757079D	8:127705625(+)-8:128756598(+)__8_128756079_128757079D
/mnt/NAS4/home/mary/HL-NF/scratch/SKKURT/results/aaSuite_germline_ss/v0.1344.2/GRCh37/minCN4.5/cnsizeMin50000/-1X/calls/SKKURT-320DM-0001-TPX-A01-WGS-2OJ361/SKKURT-320DM-0001-TPX-A01-WGS-2OJ361_output/SKKURT-320DM-0001-TPX-A01-WGS-2OJ361_AA_results/SKKURT-320DM-0001-TPX-A01-WGS-2OJ361_amplicon4_cycles.txt	Cycle=11	Copy_count=16.3395732204	3-	3	8	127437992	127705655	130278183	127437992	8	130278184	127437993	8:130278184	8:127437993	NA	c_8_127437492_127438492_14C	c_8_127437492_127438492_14C	c_8_127437492_127438492_14C
/mnt/NAS4/home/mary/HL-NF/scratch/SKKURT/results/aaSuite_germline_ss/v0.1344.2/GRCh37/minCN4.5/cnsizeMin50000/-1X/calls/SKKURT-320DM-0001-TPX-A01-WGS-2OJ361/SKKURT-320DM-0001-TPX-A01-WGS-2OJ361_output/SKKURT-320DM-0001-TPX-A01-WGS-2OJ361_AA_results/SKKURT-320DM-0001-TPX-A01-WGS-2OJ361_amplicon4_cycles.txt	Cycle=11	Copy_count=16.3395732204	32+	32	8	130278183	130286721	129010063	130286721	8	129010064	130286722	8:129010064	8:130286722	c_8_130286221_130287221_6C	c_8_130286221_130287221_6C	c_8_130286221_130287221_6C	c_8_130286221_130287221_6C,8:129010169(+)-8:130286691(+)__8_129009563_129010563D
/mnt/NAS4/home/mary/HL-NF/scratch/SKKURT/results/aaSuite_germline_ss/v0.1344.2/GRCh37/minCN4.5/cnsizeMin50000/-1X/calls/SKKURT-320DM-0001-TPX-A01-WGS-2OJ361/SKKURT-320DM-0001-TPX-A01-WGS-2OJ361_output/SKKURT-320DM-0001-TPX-A01-WGS-2OJ361_AA_results/SKKURT-320DM-0001-TPX-A01-WGS-2OJ361_amplicon4_cycles.txt	Cycle=11	Copy_count=16.3395732204	31-	31	8	128951507	129010063	127992083	128951507	8	127992084	128951508	8:127992084	8:128951508	NA	c_8_127991583_127992583_6C	c_8_127991583_127992583_6C	c_8_127991583_127992583_6C
/mnt/NAS4/home/mary/HL-NF/scratch/SKKURT/results/aaSuite_germline_ss/v0.1344.2/GRCh37/minCN4.5/cnsizeMin50000/-1X/calls/SKKURT-320DM-0001-TPX-A01-WGS-2OJ361/SKKURT-320DM-0001-TPX-A01-WGS-2OJ361_output/SKKURT-320DM-0001-TPX-A01-WGS-2OJ361_AA_results/SKKURT-320DM-0001-TPX-A01-WGS-2OJ361_amplicon4_cycles.txt	Cycle=11	Copy_count=16.3395732204	10+	10	8	127992083	128300875	128746345	128300875	8	128746346	128300876	8:128746346	8:128300876	c_8_128300375_128301375_22C	c_8_128300375_128301375_22C	c_8_128300375_128301375_22C	c_8_128300375_128301375_22C
/mnt/NAS4/home/mary/HL-NF/scratch/SKKURT/results/aaSuite_germline_ss/v0.1344.2/GRCh37/minCN4.5/cnsizeMin50000/-1X/calls/SKKURT-320DM-0001-TPX-A01-WGS-2OJ361/SKKURT-320DM-0001-TPX-A01-WGS-2OJ361_output/SKKURT-320DM-0001-TPX-A01-WGS-2OJ361_AA_results/SKKURT-320DM-0001-TPX-A01-WGS-2OJ361_amplicon4_cycles.txt	Cycle=11	Copy_count=16.3395732204	19-	19	8	128339962	128746345	128302324	128339962	8	128302325	128339963	8:128302325	8:128339963	c_8_128339462_128340462_2C	c_8_128339462_128340462_2C	c_8_128339462_128340462_2C	c_8_128339462_128340462_2C
/mnt/NAS4/home/mary/HL-NF/scratch/SKKURT/results/aaSuite_germline_ss/v0.1344.2/GRCh37/minCN4.5/cnsizeMin50000/-1X/calls/SKKURT-320DM-0001-TPX-A01-WGS-2OJ361/SKKURT-320DM-0001-TPX-A01-WGS-2OJ361_output/SKKURT-320DM-0001-TPX-A01-WGS-2OJ361_AA_results/SKKURT-320DM-0001-TPX-A01-WGS-2OJ361_amplicon4_cycles.txt	Cycle=11	Copy_count=16.3395732204	15+	15	8	128302324	128338405	128334661	128338405	8	128334662	128338406	8:128334662	8:128338406	c_8_128334161_128335161_3C	c_8_128334161_128335161_3C	c_8_128334161_128335161_3C	c_8_128334161_128335161_3C
/mnt/NAS4/home/mary/HL-NF/scratch/SKKURT/results/aaSuite_germline_ss/v0.1344.2/GRCh37/minCN4.5/cnsizeMin50000/-1X/calls/SKKURT-320DM-0001-TPX-A01-WGS-2OJ361/SKKURT-320DM-0001-TPX-A01-WGS-2OJ361_output/SKKURT-320DM-0001-TPX-A01-WGS-2OJ361_AA_results/SKKURT-320DM-0001-TPX-A01-WGS-2OJ361_amplicon4_cycles.txt	Cycle=11	Copy_count=16.3395732204	14-	14	8	128302324	128334661	128339962	128302324	8	128339963	128302325	8:128339963	8:128302325	c_8_128339462_128340462_2C	c_8_128339462_128340462_2C	c_8_128339462_128340462_2C	c_8_128339462_128340462_2C
/mnt/NAS4/home/mary/HL-NF/scratch/SKKURT/results/aaSuite_germline_ss/v0.1344.2/GRCh37/minCN4.5/cnsizeMin50000/-1X/calls/SKKURT-320DM-0001-TPX-A01-WGS-2OJ361/SKKURT-320DM-0001-TPX-A01-WGS-2OJ361_output/SKKURT-320DM-0001-TPX-A01-WGS-2OJ361_AA_results/SKKURT-320DM-0001-TPX-A01-WGS-2OJ361_amplicon4_cycles.txt	Cycle=2	Copy_count=105.372156063	4+	4	8	127437992	128746345	128300875	128746345	8	128300876	128746346	8:128300876	8:128746346	c_8_128300375_128301375_22C	c_8_128300375_128301375_22C	c_8_128300375_128301375_22C	c_8_128300375_128301375_22C
/mnt/NAS4/home/mary/HL-NF/scratch/SKKURT/results/aaSuite_germline_ss/v0.1344.2/GRCh37/minCN4.5/cnsizeMin50000/-1X/calls/SKKURT-320DM-0001-TPX-A01-WGS-2OJ361/SKKURT-320DM-0001-TPX-A01-WGS-2OJ361_output/SKKURT-320DM-0001-TPX-A01-WGS-2OJ361_AA_results/SKKURT-320DM-0001-TPX-A01-WGS-2OJ361_amplicon4_cycles.txt	Cycle=2	Copy_count=105.372156063	8-	8	8	127706569	128300875	128762600	127706569	8	128762601	127706570	8:128762601	8:127706570	c_8_128762100_128763100_6C	c_8_128762100_128763100_6C	c_8_128762100_128763100_6C	c_8_128762100_128763100_6C
/mnt/NAS4/home/mary/HL-NF/scratch/SKKURT/results/aaSuite_germline_ss/v0.1344.2/GRCh37/minCN4.5/cnsizeMin50000/-1X/calls/SKKURT-320DM-0001-TPX-A01-WGS-2OJ361/SKKURT-320DM-0001-TPX-A01-WGS-2OJ361_output/SKKURT-320DM-0001-TPX-A01-WGS-2OJ361_AA_results/SKKURT-320DM-0001-TPX-A01-WGS-2OJ361_amplicon4_cycles.txt	Cycle=2	Copy_count=105.372156063	25+	25	8	128762600	129010063	130286721	129010063	8	130286722	129010064	8:130286722	8:129010064	c_8_130286221_130287221_6C	c_8_130286221_130287221_6C	c_8_130286221_130287221_6C	8:129010169(+)-8:130286691(+)__8_129009563_129010563D,c_8_130286221_130287221_6C
/mnt/NAS4/home/mary/HL-NF/scratch/SKKURT/results/aaSuite_germline_ss/v0.1344.2/GRCh37/minCN4.5/cnsizeMin50000/-1X/calls/SKKURT-320DM-0001-TPX-A01-WGS-2OJ361/SKKURT-320DM-0001-TPX-A01-WGS-2OJ361_output/SKKURT-320DM-0001-TPX-A01-WGS-2OJ361_AA_results/SKKURT-320DM-0001-TPX-A01-WGS-2OJ361_amplicon4_cycles.txt	Cycle=2	Copy_count=105.372156063	32-	32	8	130278183	130286721	127437992	130278183	8	127437993	130278184	8:127437993	8:130278184	NA	c_8_127437492_127438492_14C	c_8_127437492_127438492_14C	c_8_127437492_127438492_14C
/mnt/NAS4/home/mary/HL-NF/scratch/SKKURT/results/aaSuite_germline_ss/v0.1344.2/GRCh37/minCN4.5/cnsizeMin50000/-1X/calls/SKKURT-320DM-0001-TPX-A01-WGS-2OJ361/SKKURT-320DM-0001-TPX-A01-WGS-2OJ361_output/SKKURT-320DM-0001-TPX-A01-WGS-2OJ361_AA_results/SKKURT-320DM-0001-TPX-A01-WGS-2OJ361_amplicon4_cycles.txt	Cycle=3	Copy_count=103.696617063	0+	0				33298118		16	33298119		16:33298119	NA:NA	NA	NA	NA	NA
/mnt/NAS4/home/mary/HL-NF/scratch/SKKURT/results/aaSuite_germline_ss/v0.1344.2/GRCh37/minCN4.5/cnsizeMin50000/-1X/calls/SKKURT-320DM-0001-TPX-A01-WGS-2OJ361/SKKURT-320DM-0001-TPX-A01-WGS-2OJ361_output/SKKURT-320DM-0001-TPX-A01-WGS-2OJ361_AA_results/SKKURT-320DM-0001-TPX-A01-WGS-2OJ361_amplicon4_cycles.txt	Cycle=3	Copy_count=103.696617063	35+	35	16	33298118	33428529	382460	33428529	6	382461	33428530	6:382461	16:33428530	c_16_33428029_33429029_30C	c_16_33428029_33429029_30C	c_16_33428029_33429029_30C	c_16_33428029_33429029_30C
/mnt/NAS4/home/mary/HL-NF/scratch/SKKURT/results/aaSuite_germline_ss/v0.1344.2/GRCh37/minCN4.5/cnsizeMin50000/-1X/calls/SKKURT-320DM-0001-TPX-A01-WGS-2OJ361/SKKURT-320DM-0001-TPX-A01-WGS-2OJ361_output/SKKURT-320DM-0001-TPX-A01-WGS-2OJ361_AA_results/SKKURT-320DM-0001-TPX-A01-WGS-2OJ361_amplicon4_cycles.txt	Cycle=3	Copy_count=103.696617063	1-	1	6	256500	382460		256500			256501	NA:NA	6:256501	NA	NA	NA	NA
/mnt/NAS4/home/mary/HL-NF/scratch/SKKURT/results/aaSuite_germline_ss/v0.1344.2/GRCh37/minCN4.5/cnsizeMin50000/-1X/calls/SKKURT-320DM-0001-TPX-A01-WGS-2OJ361/SKKURT-320DM-0001-TPX-A01-WGS-2OJ361_output/SKKURT-320DM-0001-TPX-A01-WGS-2OJ361_AA_results/SKKURT-320DM-0001-TPX-A01-WGS-2OJ361_amplicon4_cycles.txt	Cycle=3	Copy_count=103.696617063	0-	0									NA:NA	NA:NA	NA	NA	NA	NA
/mnt/NAS4/home/mary/HL-NF/scratch/SKKURT/results/aaSuite_germline_ss/v0.1344.2/GRCh37/minCN4.5/cnsizeMin50000/-1X/calls/SKKURT-320DM-0001-TPX-A01-WGS-2OJ361/SKKURT-320DM-0001-TPX-A01-WGS-2OJ361_output/SKKURT-320DM-0001-TPX-A01-WGS-2OJ361_AA_results/SKKURT-320DM-0001-TPX-A01-WGS-2OJ361_amplicon4_cycles.txt	Cycle=4	Copy_count=57.915379208	27+	27	8	128808745	129005096	128808745	129005096	8	128808746	129005097	8:128808746	8:129005097	c_8_128808246_128809246_2C	c_8_128808246_128809246_2C	c_8_128808246_128809246_2C	8:128808745(-)-8:129005215(+)__8_129004596_129005596D,c_8_128808246_128809246_2C
/mnt/NAS4/home/mary/HL-NF/scratch/SKKURT/results/aaSuite_germline_ss/v0.1344.2/GRCh37/minCN4.5/cnsizeMin50000/-1X/calls/SKKURT-320DM-0001-TPX-A01-WGS-2OJ361/SKKURT-320DM-0001-TPX-A01-WGS-2OJ361_output/SKKURT-320DM-0001-TPX-A01-WGS-2OJ361_AA_results/SKKURT-320DM-0001-TPX-A01-WGS-2OJ361_amplicon4_cycles.txt	Cycle=5	Copy_count=56.7304238732	0+	0				128859901		8	128859902		8:128859902	NA:NA	NA	NA	NA	NA
/mnt/NAS4/home/mary/HL-NF/scratch/SKKURT/results/aaSuite_germline_ss/v0.1344.2/GRCh37/minCN4.5/cnsizeMin50000/-1X/calls/SKKURT-320DM-0001-TPX-A01-WGS-2OJ361/SKKURT-320DM-0001-TPX-A01-WGS-2OJ361_output/SKKURT-320DM-0001-TPX-A01-WGS-2OJ361_AA_results/SKKURT-320DM-0001-TPX-A01-WGS-2OJ361_amplicon4_cycles.txt	Cycle=5	Copy_count=56.7304238732	29+	29	8	128859901	128950417	128640598	128950417	8	128640599	128950418	8:128640599	8:128950418	c_8_128640098_128641098_4C	c_8_128640098_128641098_4C	c_8_128640098_128641098_4C	8:128640598(-)-8:128950538(+)__8_128949917_128950917D,c_8_128640098_128641098_4C
/mnt/NAS4/home/mary/HL-NF/scratch/SKKURT/results/aaSuite_germline_ss/v0.1344.2/GRCh37/minCN4.5/cnsizeMin50000/-1X/calls/SKKURT-320DM-0001-TPX-A01-WGS-2OJ361/SKKURT-320DM-0001-TPX-A01-WGS-2OJ361_output/SKKURT-320DM-0001-TPX-A01-WGS-2OJ361_AA_results/SKKURT-320DM-0001-TPX-A01-WGS-2OJ361_amplicon4_cycles.txt	Cycle=5	Copy_count=56.7304238732	21+	21	8	128640598	128756597	127705655	128756597	8	127705656	128756598	8:127705656	8:128756598	NA	NA	8:127705625(+)-8:128756598(+)__8_128756079_128757079D	8:127705625(+)-8:128756598(+)__8_128756079_128757079D
/mnt/NAS4/home/mary/HL-NF/scratch/SKKURT/results/aaSuite_germline_ss/v0.1344.2/GRCh37/minCN4.5/cnsizeMin50000/-1X/calls/SKKURT-320DM-0001-TPX-A01-WGS-2OJ361/SKKURT-320DM-0001-TPX-A01-WGS-2OJ361_output/SKKURT-320DM-0001-TPX-A01-WGS-2OJ361_AA_results/SKKURT-320DM-0001-TPX-A01-WGS-2OJ361_amplicon4_cycles.txt	Cycle=5	Copy_count=56.7304238732	6-	6	8	127638302	127705655	28549944	127638302	13	28549945	127638303	13:28549945	8:127638303	c_13_28549444_28550444_6C	c_13_28549444_28550444_6C	c_13_28549444_28550444_6C	8:127638302(-)-13:28549825(+)__8_127637802_127638802D,c_13_28549444_28550444_6C
/mnt/NAS4/home/mary/HL-NF/scratch/SKKURT/results/aaSuite_germline_ss/v0.1344.2/GRCh37/minCN4.5/cnsizeMin50000/-1X/calls/SKKURT-320DM-0001-TPX-A01-WGS-2OJ361/SKKURT-320DM-0001-TPX-A01-WGS-2OJ361_output/SKKURT-320DM-0001-TPX-A01-WGS-2OJ361_AA_results/SKKURT-320DM-0001-TPX-A01-WGS-2OJ361_amplicon4_cycles.txt	Cycle=5	Copy_count=56.7304238732	33-	33	13	28381830	28549944	33431453	28381830	16	33431454	28381831	16:33431454	13:28381831	c_13_28381330_28382330_5C	c_13_28381330_28382330_5C	c_13_28381330_28382330_5C	c_13_28381330_28382330_5C
/mnt/NAS4/home/mary/HL-NF/scratch/SKKURT/results/aaSuite_germline_ss/v0.1344.2/GRCh37/minCN4.5/cnsizeMin50000/-1X/calls/SKKURT-320DM-0001-TPX-A01-WGS-2OJ361/SKKURT-320DM-0001-TPX-A01-WGS-2OJ361_output/SKKURT-320DM-0001-TPX-A01-WGS-2OJ361_AA_results/SKKURT-320DM-0001-TPX-A01-WGS-2OJ361_amplicon4_cycles.txt	Cycle=5	Copy_count=56.7304238732	36-	36	16	33379500	33431453		33379500			33379501	NA:NA	16:33379501	NA	NA	NA	NA
/mnt/NAS4/home/mary/HL-NF/scratch/SKKURT/results/aaSuite_germline_ss/v0.1344.2/GRCh37/minCN4.5/cnsizeMin50000/-1X/calls/SKKURT-320DM-0001-TPX-A01-WGS-2OJ361/SKKURT-320DM-0001-TPX-A01-WGS-2OJ361_output/SKKURT-320DM-0001-TPX-A01-WGS-2OJ361_AA_results/SKKURT-320DM-0001-TPX-A01-WGS-2OJ361_amplicon4_cycles.txt	Cycle=5	Copy_count=56.7304238732	0-	0									NA:NA	NA:NA	NA	NA	NA	NA
/mnt/NAS4/home/mary/HL-NF/scratch/SKKURT/results/aaSuite_germline_ss/v0.1344.2/GRCh37/minCN4.5/cnsizeMin50000/-1X/calls/SKKURT-320DM-0001-TPX-A01-WGS-2OJ361/SKKURT-320DM-0001-TPX-A01-WGS-2OJ361_output/SKKURT-320DM-0001-TPX-A01-WGS-2OJ361_AA_results/SKKURT-320DM-0001-TPX-A01-WGS-2OJ361_amplicon4_cycles.txt	Cycle=6	Copy_count=48.3543506081	0+	0				128016000		8	128016001		8:128016001	NA:NA	NA	NA	NA	NA
/mnt/NAS4/home/mary/HL-NF/scratch/SKKURT/results/aaSuite_germline_ss/v0.1344.2/GRCh37/minCN4.5/cnsizeMin50000/-1X/calls/SKKURT-320DM-0001-TPX-A01-WGS-2OJ361/SKKURT-320DM-0001-TPX-A01-WGS-2OJ361_output/SKKURT-320DM-0001-TPX-A01-WGS-2OJ361_AA_results/SKKURT-320DM-0001-TPX-A01-WGS-2OJ361_amplicon4_cycles.txt	Cycle=6	Copy_count=48.3543506081	11+	11	8	128016000	128071623	127991861	128071623	8	127991862	128071624	8:127991862	8:128071624	c_8_128071123_128072123_24C	c_8_128071123_128072123_24C	c_8_128071123_128072123_24C	c_8_128071123_128072123_24C
/mnt/NAS4/home/mary/HL-NF/scratch/SKKURT/results/aaSuite_germline_ss/v0.1344.2/GRCh37/minCN4.5/cnsizeMin50000/-1X/calls/SKKURT-320DM-0001-TPX-A01-WGS-2OJ361/SKKURT-320DM-0001-TPX-A01-WGS-2OJ361_output/SKKURT-320DM-0001-TPX-A01-WGS-2OJ361_AA_results/SKKURT-320DM-0001-TPX-A01-WGS-2OJ361_amplicon4_cycles.txt	Cycle=6	Copy_count=48.3543506081	9-	9	8	127865466	127991861	682385	127865466	7	682386	127865467	7:682386	8:127865467	c_7_681885_682885_1C	c_7_681885_682885_1C	c_7_681885_682885_1C	7:682165(-)-8:127865534(+)__8_127864966_127865966D,c_7_681885_682885_1C
/mnt/NAS4/home/mary/HL-NF/scratch/SKKURT/results/aaSuite_germline_ss/v0.1344.2/GRCh37/minCN4.5/cnsizeMin50000/-1X/calls/SKKURT-320DM-0001-TPX-A01-WGS-2OJ361/SKKURT-320DM-0001-TPX-A01-WGS-2OJ361_output/SKKURT-320DM-0001-TPX-A01-WGS-2OJ361_AA_results/SKKURT-320DM-0001-TPX-A01-WGS-2OJ361_amplicon4_cycles.txt	Cycle=6	Copy_count=48.3543506081	2-	2	7	681695	682385		681695			681696	NA:NA	7:681696	NA	NA	NA	NA
/mnt/NAS4/home/mary/HL-NF/scratch/SKKURT/results/aaSuite_germline_ss/v0.1344.2/GRCh37/minCN4.5/cnsizeMin50000/-1X/calls/SKKURT-320DM-0001-TPX-A01-WGS-2OJ361/SKKURT-320DM-0001-TPX-A01-WGS-2OJ361_output/SKKURT-320DM-0001-TPX-A01-WGS-2OJ361_AA_results/SKKURT-320DM-0001-TPX-A01-WGS-2OJ361_amplicon4_cycles.txt	Cycle=6	Copy_count=48.3543506081	0-	0									NA:NA	NA:NA	NA	NA	NA	NA
/mnt/NAS4/home/mary/HL-NF/scratch/SKKURT/results/aaSuite_germline_ss/v0.1344.2/GRCh37/minCN4.5/cnsizeMin50000/-1X/calls/SKKURT-320DM-0001-TPX-A01-WGS-2OJ361/SKKURT-320DM-0001-TPX-A01-WGS-2OJ361_output/SKKURT-320DM-0001-TPX-A01-WGS-2OJ361_AA_results/SKKURT-320DM-0001-TPX-A01-WGS-2OJ361_amplicon4_cycles.txt	Cycle=7	Copy_count=46.8744281208	0+	0				128275499		8	128275500		8:128275500	NA:NA	NA	NA	NA	NA
/mnt/NAS4/home/mary/HL-NF/scratch/SKKURT/results/aaSuite_germline_ss/v0.1344.2/GRCh37/minCN4.5/cnsizeMin50000/-1X/calls/SKKURT-320DM-0001-TPX-A01-WGS-2OJ361/SKKURT-320DM-0001-TPX-A01-WGS-2OJ361_output/SKKURT-320DM-0001-TPX-A01-WGS-2OJ361_AA_results/SKKURT-320DM-0001-TPX-A01-WGS-2OJ361_amplicon4_cycles.txt	Cycle=7	Copy_count=46.8744281208	13-	13	8	128152800	128275499		128152800			128152801	NA:NA	8:128152801	NA	NA	NA	NA
/mnt/NAS4/home/mary/HL-NF/scratch/SKKURT/results/aaSuite_germline_ss/v0.1344.2/GRCh37/minCN4.5/cnsizeMin50000/-1X/calls/SKKURT-320DM-0001-TPX-A01-WGS-2OJ361/SKKURT-320DM-0001-TPX-A01-WGS-2OJ361_output/SKKURT-320DM-0001-TPX-A01-WGS-2OJ361_AA_results/SKKURT-320DM-0001-TPX-A01-WGS-2OJ361_amplicon4_cycles.txt	Cycle=7	Copy_count=46.8744281208	0-	0									NA:NA	NA:NA	NA	NA	NA	NA
/mnt/NAS4/home/mary/HL-NF/scratch/SKKURT/results/aaSuite_germline_ss/v0.1344.2/GRCh37/minCN4.5/cnsizeMin50000/-1X/calls/SKKURT-320DM-0001-TPX-A01-WGS-2OJ361/SKKURT-320DM-0001-TPX-A01-WGS-2OJ361_output/SKKURT-320DM-0001-TPX-A01-WGS-2OJ361_AA_results/SKKURT-320DM-0001-TPX-A01-WGS-2OJ361_amplicon4_cycles.txt	Cycle=8	Copy_count=46.7797568438	0+	0				128824199		8	128824200		8:128824200	NA:NA	NA	NA	NA	NA
/mnt/NAS4/home/mary/HL-NF/scratch/SKKURT/results/aaSuite_germline_ss/v0.1344.2/GRCh37/minCN4.5/cnsizeMin50000/-1X/calls/SKKURT-320DM-0001-TPX-A01-WGS-2OJ361/SKKURT-320DM-0001-TPX-A01-WGS-2OJ361_output/SKKURT-320DM-0001-TPX-A01-WGS-2OJ361_AA_results/SKKURT-320DM-0001-TPX-A01-WGS-2OJ361_amplicon4_cycles.txt	Cycle=8	Copy_count=46.7797568438	24-	24	8	128762600	128824199	127706569	128762600	8	127706570	128762601	8:127706570	8:128762601	c_8_128762100_128763100_6C	c_8_128762100_128763100_6C	c_8_128762100_128763100_6C	c_8_128762100_128763100_6C
/mnt/NAS4/home/mary/HL-NF/scratch/SKKURT/results/aaSuite_germline_ss/v0.1344.2/GRCh37/minCN4.5/cnsizeMin50000/-1X/calls/SKKURT-320DM-0001-TPX-A01-WGS-2OJ361/SKKURT-320DM-0001-TPX-A01-WGS-2OJ361_output/SKKURT-320DM-0001-TPX-A01-WGS-2OJ361_AA_results/SKKURT-320DM-0001-TPX-A01-WGS-2OJ361_amplicon4_cycles.txt	Cycle=8	Copy_count=46.7797568438	7+	7	8	127706569	127867064	128930123	127867064	8	128930124	127867065	8:128930124	8:127867065	NA	NA	NA	NA
/mnt/NAS4/home/mary/HL-NF/scratch/SKKURT/results/aaSuite_germline_ss/v0.1344.2/GRCh37/minCN4.5/cnsizeMin50000/-1X/calls/SKKURT-320DM-0001-TPX-A01-WGS-2OJ361/SKKURT-320DM-0001-TPX-A01-WGS-2OJ361_output/SKKURT-320DM-0001-TPX-A01-WGS-2OJ361_AA_results/SKKURT-320DM-0001-TPX-A01-WGS-2OJ361_amplicon4_cycles.txt	Cycle=8	Copy_count=46.7797568438	28-	28	8	128859901	128930123		128859901			128859902	NA:NA	8:128859902	NA	NA	NA	NA
/mnt/NAS4/home/mary/HL-NF/scratch/SKKURT/results/aaSuite_germline_ss/v0.1344.2/GRCh37/minCN4.5/cnsizeMin50000/-1X/calls/SKKURT-320DM-0001-TPX-A01-WGS-2OJ361/SKKURT-320DM-0001-TPX-A01-WGS-2OJ361_output/SKKURT-320DM-0001-TPX-A01-WGS-2OJ361_AA_results/SKKURT-320DM-0001-TPX-A01-WGS-2OJ361_amplicon4_cycles.txt	Cycle=8	Copy_count=46.7797568438	0-	0									NA:NA	NA:NA	NA	NA	NA	NA
/mnt/NAS4/home/mary/HL-NF/scratch/SKKURT/results/aaSuite_germline_ss/v0.1344.2/GRCh37/minCN4.5/cnsizeMin50000/-1X/calls/SKKURT-320DM-0001-TPX-A01-WGS-2OJ361/SKKURT-320DM-0001-TPX-A01-WGS-2OJ361_output/SKKURT-320DM-0001-TPX-A01-WGS-2OJ361_AA_results/SKKURT-320DM-0001-TPX-A01-WGS-2OJ361_amplicon4_cycles.txt	Cycle=9	Copy_count=23.5240306881	0+	0				20481310		15	20481311		15:20481311	NA:NA	NA	NA	NA	NA
/mnt/NAS4/home/mary/HL-NF/scratch/SKKURT/results/aaSuite_germline_ss/v0.1344.2/GRCh37/minCN4.5/cnsizeMin50000/-1X/calls/SKKURT-320DM-0001-TPX-A01-WGS-2OJ361/SKKURT-320DM-0001-TPX-A01-WGS-2OJ361_output/SKKURT-320DM-0001-TPX-A01-WGS-2OJ361_AA_results/SKKURT-320DM-0001-TPX-A01-WGS-2OJ361_amplicon4_cycles.txt	Cycle=9	Copy_count=23.5240306881	34-	34	15	20480621	20481310	33380897	20480621	16	33380898	20480622	16:33380898	15:20480622	NA	NA	NA	15:20481104(-)-16:33381015(-)__16_33380397_33381397D,15:20480610(+)-16:33381251(+)__16_33380397_33381397D,15:20480597(-)-16:33381356(-)__15_20480121_20481121D
/mnt/NAS4/home/mary/HL-NF/scratch/SKKURT/results/aaSuite_germline_ss/v0.1344.2/GRCh37/minCN4.5/cnsizeMin50000/-1X/calls/SKKURT-320DM-0001-TPX-A01-WGS-2OJ361/SKKURT-320DM-0001-TPX-A01-WGS-2OJ361_output/SKKURT-320DM-0001-TPX-A01-WGS-2OJ361_AA_results/SKKURT-320DM-0001-TPX-A01-WGS-2OJ361_amplicon4_cycles.txt	Cycle=9	Copy_count=23.5240306881	37+	37	16	33380897	33431453	28381830	33431453	13	28381831	33431454	13:28381831	16:33431454	c_13_28381330_28382330_5C	c_13_28381330_28382330_5C	c_13_28381330_28382330_5C	c_13_28381330_28382330_5C
/mnt/NAS4/home/mary/HL-NF/scratch/SKKURT/results/aaSuite_germline_ss/v0.1344.2/GRCh37/minCN4.5/cnsizeMin50000/-1X/calls/SKKURT-320DM-0001-TPX-A01-WGS-2OJ361/SKKURT-320DM-0001-TPX-A01-WGS-2OJ361_output/SKKURT-320DM-0001-TPX-A01-WGS-2OJ361_AA_results/SKKURT-320DM-0001-TPX-A01-WGS-2OJ361_amplicon4_cycles.txt	Cycle=9	Copy_count=23.5240306881	33+	33	13	28381830	28549944	127638302	28549944	8	127638303	28549945	8:127638303	13:28549945	c_13_28549444_28550444_6C	c_13_28549444_28550444_6C	c_13_28549444_28550444_6C	8:127638302(-)-13:28549825(+)__8_127637802_127638802D,c_13_28549444_28550444_6C
/mnt/NAS4/home/mary/HL-NF/scratch/SKKURT/results/aaSuite_germline_ss/v0.1344.2/GRCh37/minCN4.5/cnsizeMin50000/-1X/calls/SKKURT-320DM-0001-TPX-A01-WGS-2OJ361/SKKURT-320DM-0001-TPX-A01-WGS-2OJ361_output/SKKURT-320DM-0001-TPX-A01-WGS-2OJ361_AA_results/SKKURT-320DM-0001-TPX-A01-WGS-2OJ361_amplicon4_cycles.txt	Cycle=9	Copy_count=23.5240306881	6+	6	8	127638302	127705655	128756597	127705655	8	128756598	127705656	8:128756598	8:127705656	NA	NA	8:127705625(+)-8:128756598(+)__8_128756079_128757079D	8:127705625(+)-8:128756598(+)__8_128756079_128757079D
/mnt/NAS4/home/mary/HL-NF/scratch/SKKURT/results/aaSuite_germline_ss/v0.1344.2/GRCh37/minCN4.5/cnsizeMin50000/-1X/calls/SKKURT-320DM-0001-TPX-A01-WGS-2OJ361/SKKURT-320DM-0001-TPX-A01-WGS-2OJ361_output/SKKURT-320DM-0001-TPX-A01-WGS-2OJ361_AA_results/SKKURT-320DM-0001-TPX-A01-WGS-2OJ361_amplicon4_cycles.txt	Cycle=9	Copy_count=23.5240306881	20-	20	8	128339962	128756597	128302324	128339962	8	128302325	128339963	8:128302325	8:128339963	c_8_128339462_128340462_2C	c_8_128339462_128340462_2C	c_8_128339462_128340462_2C	c_8_128339462_128340462_2C
/mnt/NAS4/home/mary/HL-NF/scratch/SKKURT/results/aaSuite_germline_ss/v0.1344.2/GRCh37/minCN4.5/cnsizeMin50000/-1X/calls/SKKURT-320DM-0001-TPX-A01-WGS-2OJ361/SKKURT-320DM-0001-TPX-A01-WGS-2OJ361_output/SKKURT-320DM-0001-TPX-A01-WGS-2OJ361_AA_results/SKKURT-320DM-0001-TPX-A01-WGS-2OJ361_amplicon4_cycles.txt	Cycle=9	Copy_count=23.5240306881	16+	16	8	128302324	128746345	128300875	128746345	8	128300876	128746346	8:128300876	8:128746346	c_8_128300375_128301375_22C	c_8_128300375_128301375_22C	c_8_128300375_128301375_22C	c_8_128300375_128301375_22C
/mnt/NAS4/home/mary/HL-NF/scratch/SKKURT/results/aaSuite_germline_ss/v0.1344.2/GRCh37/minCN4.5/cnsizeMin50000/-1X/calls/SKKURT-320DM-0001-TPX-A01-WGS-2OJ361/SKKURT-320DM-0001-TPX-A01-WGS-2OJ361_output/SKKURT-320DM-0001-TPX-A01-WGS-2OJ361_AA_results/SKKURT-320DM-0001-TPX-A01-WGS-2OJ361_amplicon4_cycles.txt	Cycle=9	Copy_count=23.5240306881	12-	12	8	128016000	128300875		128016000			128016001	NA:NA	8:128016001	NA	NA	NA	NA
/mnt/NAS4/home/mary/HL-NF/scratch/SKKURT/results/aaSuite_germline_ss/v0.1344.2/GRCh37/minCN4.5/cnsizeMin50000/-1X/calls/SKKURT-320DM-0001-TPX-A01-WGS-2OJ361/SKKURT-320DM-0001-TPX-A01-WGS-2OJ361_output/SKKURT-320DM-0001-TPX-A01-WGS-2OJ361_AA_results/SKKURT-320DM-0001-TPX-A01-WGS-2OJ361_amplicon4_cycles.txt	Cycle=9	Copy_count=23.5240306881	0-	0									NA:NA	NA:NA	NA	NA	NA	NA
/mnt/NAS4/home/mary/HL-NF/scratch/SKKURT/results/aaSuite_germline_ss/v0.1344.2/GRCh37/minCN4.5/cnsizeMin50000/-1X/calls/SKKURT-320DM-0001-TPX-A01-WGS-2OJ361/SKKURT-320DM-0001-TPX-A01-WGS-2OJ361_output/SKKURT-320DM-0001-TPX-A01-WGS-2OJ361_AA_results/SKKURT-320DM-0001-TPX-A01-WGS-2OJ361_amplicon5_cycles.txt	Cycle=1	Copy_count=2.28262469281	0+	0				47153531		10	47153532		10:47153532	NA:NA	NA	NA	NA	NA
/mnt/NAS4/home/mary/HL-NF/scratch/SKKURT/results/aaSuite_germline_ss/v0.1344.2/GRCh37/minCN4.5/cnsizeMin50000/-1X/calls/SKKURT-320DM-0001-TPX-A01-WGS-2OJ361/SKKURT-320DM-0001-TPX-A01-WGS-2OJ361_output/SKKURT-320DM-0001-TPX-A01-WGS-2OJ361_AA_results/SKKURT-320DM-0001-TPX-A01-WGS-2OJ361_amplicon5_cycles.txt	Cycle=1	Copy_count=2.28262469281	3-	3	10	46947000	47153531		46947000			46947001	NA:NA	10:46947001	NA	NA	NA	NA
/mnt/NAS4/home/mary/HL-NF/scratch/SKKURT/results/aaSuite_germline_ss/v0.1344.2/GRCh37/minCN4.5/cnsizeMin50000/-1X/calls/SKKURT-320DM-0001-TPX-A01-WGS-2OJ361/SKKURT-320DM-0001-TPX-A01-WGS-2OJ361_output/SKKURT-320DM-0001-TPX-A01-WGS-2OJ361_AA_results/SKKURT-320DM-0001-TPX-A01-WGS-2OJ361_amplicon5_cycles.txt	Cycle=1	Copy_count=2.28262469281	0-	0									NA:NA	NA:NA	NA	NA	NA	NA
/mnt/NAS4/home/mary/HL-NF/scratch/SKKURT/results/aaSuite_germline_ss/v0.1344.2/GRCh37/minCN4.5/cnsizeMin50000/-1X/calls/SKKURT-320DM-0001-TPX-A01-WGS-2OJ361/SKKURT-320DM-0001-TPX-A01-WGS-2OJ361_output/SKKURT-320DM-0001-TPX-A01-WGS-2OJ361_AA_results/SKKURT-320DM-0001-TPX-A01-WGS-2OJ361_amplicon5_cycles.txt	Cycle=2	Copy_count=1.57642002146	0+	0				47153531		10	47153532		10:47153532	NA:NA	NA	NA	NA	NA
/mnt/NAS4/home/mary/HL-NF/scratch/SKKURT/results/aaSuite_germline_ss/v0.1344.2/GRCh37/minCN4.5/cnsizeMin50000/-1X/calls/SKKURT-320DM-0001-TPX-A01-WGS-2OJ361/SKKURT-320DM-0001-TPX-A01-WGS-2OJ361_output/SKKURT-320DM-0001-TPX-A01-WGS-2OJ361_AA_results/SKKURT-320DM-0001-TPX-A01-WGS-2OJ361_amplicon5_cycles.txt	Cycle=2	Copy_count=1.57642002146	5-	5	10	47059774	47153531	47023148	47059774	10	47023149	47059775	10:47023149	10:47059775	NA	NA	10:47023216(+)-10:47059693(+)__10_47059274_47060274D	c_10_47059274_47060274_28C,10:47023216(+)-10:47059693(+)__10_47059274_47060274D
/mnt/NAS4/home/mary/HL-NF/scratch/SKKURT/results/aaSuite_germline_ss/v0.1344.2/GRCh37/minCN4.5/cnsizeMin50000/-1X/calls/SKKURT-320DM-0001-TPX-A01-WGS-2OJ361/SKKURT-320DM-0001-TPX-A01-WGS-2OJ361_output/SKKURT-320DM-0001-TPX-A01-WGS-2OJ361_AA_results/SKKURT-320DM-0001-TPX-A01-WGS-2OJ361_amplicon5_cycles.txt	Cycle=2	Copy_count=1.57642002146	4+	4	10	47023148	47059581	47023127	47059581	10	47023128	47059582	10:47023128	10:47059582	NA	NA	c_10_47059274_47060274_28C	c_10_47059274_47060274_28C,10:47023216(+)-10:47059693(+)__10_47059274_47060274D
/mnt/NAS4/home/mary/HL-NF/scratch/SKKURT/results/aaSuite_germline_ss/v0.1344.2/GRCh37/minCN4.5/cnsizeMin50000/-1X/calls/SKKURT-320DM-0001-TPX-A01-WGS-2OJ361/SKKURT-320DM-0001-TPX-A01-WGS-2OJ361_output/SKKURT-320DM-0001-TPX-A01-WGS-2OJ361_AA_results/SKKURT-320DM-0001-TPX-A01-WGS-2OJ361_amplicon5_cycles.txt	Cycle=2	Copy_count=1.57642002146	2-	2	10	46891800	47023127		46891800			46891801	NA:NA	10:46891801	NA	NA	NA	NA
/mnt/NAS4/home/mary/HL-NF/scratch/SKKURT/results/aaSuite_germline_ss/v0.1344.2/GRCh37/minCN4.5/cnsizeMin50000/-1X/calls/SKKURT-320DM-0001-TPX-A01-WGS-2OJ361/SKKURT-320DM-0001-TPX-A01-WGS-2OJ361_output/SKKURT-320DM-0001-TPX-A01-WGS-2OJ361_AA_results/SKKURT-320DM-0001-TPX-A01-WGS-2OJ361_amplicon5_cycles.txt	Cycle=2	Copy_count=1.57642002146	0-	0									NA:NA	NA:NA	NA	NA	NA	NA
/mnt/NAS4/home/mary/HL-NF/scratch/SKKURT/results/aaSuite_germline_ss/v0.1344.2/GRCh37/minCN4.5/cnsizeMin50000/-1X/calls/SKKURT-320DM-0001-TPX-A01-WGS-2OJ361/SKKURT-320DM-0001-TPX-A01-WGS-2OJ361_output/SKKURT-320DM-0001-TPX-A01-WGS-2OJ361_AA_results/SKKURT-320DM-0001-TPX-A01-WGS-2OJ361_amplicon5_cycles.txt	Cycle=3	Copy_count=0.734741143036	0+	0				47153531		10	47153532		10:47153532	NA:NA	NA	NA	NA	NA
/mnt/NAS4/home/mary/HL-NF/scratch/SKKURT/results/aaSuite_germline_ss/v0.1344.2/GRCh37/minCN4.5/cnsizeMin50000/-1X/calls/SKKURT-320DM-0001-TPX-A01-WGS-2OJ361/SKKURT-320DM-0001-TPX-A01-WGS-2OJ361_output/SKKURT-320DM-0001-TPX-A01-WGS-2OJ361_AA_results/SKKURT-320DM-0001-TPX-A01-WGS-2OJ361_amplicon5_cycles.txt	Cycle=3	Copy_count=0.734741143036	1-	1	10	46848054	47153531		46848054			46848055	NA:NA	10:46848055	NA	NA	NA	NA
/mnt/NAS4/home/mary/HL-NF/scratch/SKKURT/results/aaSuite_germline_ss/v0.1344.2/GRCh37/minCN4.5/cnsizeMin50000/-1X/calls/SKKURT-320DM-0001-TPX-A01-WGS-2OJ361/SKKURT-320DM-0001-TPX-A01-WGS-2OJ361_output/SKKURT-320DM-0001-TPX-A01-WGS-2OJ361_AA_results/SKKURT-320DM-0001-TPX-A01-WGS-2OJ361_amplicon5_cycles.txt	Cycle=3	Copy_count=0.734741143036	0-	0									NA:NA	NA:NA	NA	NA	NA	NA
/mnt/NAS4/home/mary/HL-NF/scratch/SKKURT/results/aaSuite_germline_ss/v0.1344.2/GRCh37/minCN4.5/cnsizeMin50000/-1X/calls/SKKURT-320DM-0001-TPX-A01-WGS-2OJ361/SKKURT-320DM-0001-TPX-A01-WGS-2OJ361_output/SKKURT-320DM-0001-TPX-A01-WGS-2OJ361_AA_results/SKKURT-320DM-0001-TPX-A01-WGS-2OJ361_amplicon6_cycles.txt	Cycle=1	Copy_count=3.74017545123	0+	0				74175264		13	74175265		13:74175265	NA:NA	NA	NA	NA	NA
/mnt/NAS4/home/mary/HL-NF/scratch/SKKURT/results/aaSuite_germline_ss/v0.1344.2/GRCh37/minCN4.5/cnsizeMin50000/-1X/calls/SKKURT-320DM-0001-TPX-A01-WGS-2OJ361/SKKURT-320DM-0001-TPX-A01-WGS-2OJ361_output/SKKURT-320DM-0001-TPX-A01-WGS-2OJ361_AA_results/SKKURT-320DM-0001-TPX-A01-WGS-2OJ361_amplicon6_cycles.txt	Cycle=1	Copy_count=3.74017545123	1-	1	13	72825257	74175264		72825257			72825258	NA:NA	13:72825258	NA	NA	NA	NA
/mnt/NAS4/home/mary/HL-NF/scratch/SKKURT/results/aaSuite_germline_ss/v0.1344.2/GRCh37/minCN4.5/cnsizeMin50000/-1X/calls/SKKURT-320DM-0001-TPX-A01-WGS-2OJ361/SKKURT-320DM-0001-TPX-A01-WGS-2OJ361_output/SKKURT-320DM-0001-TPX-A01-WGS-2OJ361_AA_results/SKKURT-320DM-0001-TPX-A01-WGS-2OJ361_amplicon6_cycles.txt	Cycle=1	Copy_count=3.74017545123	0-	0									NA:NA	NA:NA	NA	NA	NA	NA
/mnt/NAS4/home/mary/HL-NF/scratch/SKKURT/results/aaSuite_germline_ss/v0.1344.2/GRCh37/minCN4.5/cnsizeMin50000/-1X/calls/SKKURT-320DM-0001-TPX-A01-WGS-2OJ361/SKKURT-320DM-0001-TPX-A01-WGS-2OJ361_output/SKKURT-320DM-0001-TPX-A01-WGS-2OJ361_AA_results/SKKURT-320DM-0001-TPX-A01-WGS-2OJ361_amplicon6_cycles.txt	Cycle=2	Copy_count=1.4829139816	0+	0				74076574		13	74076575		13:74076575	NA:NA	NA	NA	NA	NA
/mnt/NAS4/home/mary/HL-NF/scratch/SKKURT/results/aaSuite_germline_ss/v0.1344.2/GRCh37/minCN4.5/cnsizeMin50000/-1X/calls/SKKURT-320DM-0001-TPX-A01-WGS-2OJ361/SKKURT-320DM-0001-TPX-A01-WGS-2OJ361_output/SKKURT-320DM-0001-TPX-A01-WGS-2OJ361_AA_results/SKKURT-320DM-0001-TPX-A01-WGS-2OJ361_amplicon6_cycles.txt	Cycle=2	Copy_count=1.4829139816	4-	4	13	72876060	74076574	72842633	72876060	13	72842634	72876061	13:72842634	13:72876061	c_13_72875560_72876560_1C	c_13_72875560_72876560_1C	c_13_72875560_72876560_1C	c_13_72875560_72876560_1C
/mnt/NAS4/home/mary/HL-NF/scratch/SKKURT/results/aaSuite_germline_ss/v0.1344.2/GRCh37/minCN4.5/cnsizeMin50000/-1X/calls/SKKURT-320DM-0001-TPX-A01-WGS-2OJ361/SKKURT-320DM-0001-TPX-A01-WGS-2OJ361_output/SKKURT-320DM-0001-TPX-A01-WGS-2OJ361_AA_results/SKKURT-320DM-0001-TPX-A01-WGS-2OJ361_amplicon6_cycles.txt	Cycle=2	Copy_count=1.4829139816	3+	3	13	72842633	74175264		74175264			74175265	NA:NA	13:74175265	NA	NA	NA	NA
/mnt/NAS4/home/mary/HL-NF/scratch/SKKURT/results/aaSuite_germline_ss/v0.1344.2/GRCh37/minCN4.5/cnsizeMin50000/-1X/calls/SKKURT-320DM-0001-TPX-A01-WGS-2OJ361/SKKURT-320DM-0001-TPX-A01-WGS-2OJ361_output/SKKURT-320DM-0001-TPX-A01-WGS-2OJ361_AA_results/SKKURT-320DM-0001-TPX-A01-WGS-2OJ361_amplicon6_cycles.txt	Cycle=2	Copy_count=1.4829139816	0-	0									NA:NA	NA:NA	NA	NA	NA	NA
/mnt/NAS4/home/mary/HL-NF/scratch/SKKURT/results/aaSuite_germline_ss/v0.1344.2/GRCh37/minCN4.5/cnsizeMin50000/-1X/calls/SKKURT-320DM-0001-TPX-A01-WGS-2OJ361/SKKURT-320DM-0001-TPX-A01-WGS-2OJ361_output/SKKURT-320DM-0001-TPX-A01-WGS-2OJ361_AA_results/SKKURT-320DM-0001-TPX-A01-WGS-2OJ361_amplicon6_cycles.txt	Cycle=3	Copy_count=0.692624162457	0+	0				73761027		13	73761028		13:73761028	NA:NA	NA	NA	NA	NA
/mnt/NAS4/home/mary/HL-NF/scratch/SKKURT/results/aaSuite_germline_ss/v0.1344.2/GRCh37/minCN4.5/cnsizeMin50000/-1X/calls/SKKURT-320DM-0001-TPX-A01-WGS-2OJ361/SKKURT-320DM-0001-TPX-A01-WGS-2OJ361_output/SKKURT-320DM-0001-TPX-A01-WGS-2OJ361_AA_results/SKKURT-320DM-0001-TPX-A01-WGS-2OJ361_amplicon6_cycles.txt	Cycle=3	Copy_count=0.692624162457	6-	6	13	73760977	73761027		73760977			73760978	NA:NA	13:73760978	NA	NA	NA	NA
/mnt/NAS4/home/mary/HL-NF/scratch/SKKURT/results/aaSuite_germline_ss/v0.1344.2/GRCh37/minCN4.5/cnsizeMin50000/-1X/calls/SKKURT-320DM-0001-TPX-A01-WGS-2OJ361/SKKURT-320DM-0001-TPX-A01-WGS-2OJ361_output/SKKURT-320DM-0001-TPX-A01-WGS-2OJ361_AA_results/SKKURT-320DM-0001-TPX-A01-WGS-2OJ361_amplicon6_cycles.txt	Cycle=3	Copy_count=0.692624162457	0-	0									NA:NA	NA:NA	NA	NA	NA	NA
/mnt/NAS4/home/mary/HL-NF/scratch/SKKURT/results/aaSuite_germline_ss/v0.1344.2/GRCh37/minCN4.5/cnsizeMin50000/-1X/calls/SKKURT-320DM-0001-TPX-A01-WGS-2OJ361/SKKURT-320DM-0001-TPX-A01-WGS-2OJ361_output/SKKURT-320DM-0001-TPX-A01-WGS-2OJ361_AA_results/SKKURT-320DM-0001-TPX-A01-WGS-2OJ361_amplicon6_cycles.txt	Cycle=4	Copy_count=0.450716703705	0+	0				73761027		13	73761028		13:73761028	NA:NA	NA	NA	NA	NA
/mnt/NAS4/home/mary/HL-NF/scratch/SKKURT/results/aaSuite_germline_ss/v0.1344.2/GRCh37/minCN4.5/cnsizeMin50000/-1X/calls/SKKURT-320DM-0001-TPX-A01-WGS-2OJ361/SKKURT-320DM-0001-TPX-A01-WGS-2OJ361_output/SKKURT-320DM-0001-TPX-A01-WGS-2OJ361_AA_results/SKKURT-320DM-0001-TPX-A01-WGS-2OJ361_amplicon6_cycles.txt	Cycle=4	Copy_count=0.450716703705	2-	2	13	72842633	73761027	72876060	72842633	13	72876061	72842634	13:72876061	13:72842634	c_13_72875560_72876560_1C	c_13_72875560_72876560_1C	c_13_72875560_72876560_1C	c_13_72875560_72876560_1C
/mnt/NAS4/home/mary/HL-NF/scratch/SKKURT/results/aaSuite_germline_ss/v0.1344.2/GRCh37/minCN4.5/cnsizeMin50000/-1X/calls/SKKURT-320DM-0001-TPX-A01-WGS-2OJ361/SKKURT-320DM-0001-TPX-A01-WGS-2OJ361_output/SKKURT-320DM-0001-TPX-A01-WGS-2OJ361_AA_results/SKKURT-320DM-0001-TPX-A01-WGS-2OJ361_amplicon6_cycles.txt	Cycle=4	Copy_count=0.450716703705	5+	5	13	72876060	74078099		74078099			74078100	NA:NA	13:74078100	NA	NA	NA	NA
/mnt/NAS4/home/mary/HL-NF/scratch/SKKURT/results/aaSuite_germline_ss/v0.1344.2/GRCh37/minCN4.5/cnsizeMin50000/-1X/calls/SKKURT-320DM-0001-TPX-A01-WGS-2OJ361/SKKURT-320DM-0001-TPX-A01-WGS-2OJ361_output/SKKURT-320DM-0001-TPX-A01-WGS-2OJ361_AA_results/SKKURT-320DM-0001-TPX-A01-WGS-2OJ361_amplicon6_cycles.txt	Cycle=4	Copy_count=0.450716703705	0-	0									NA:NA	NA:NA	NA	NA	NA	NA
/mnt/NAS4/home/mary/HL-NF/scratch/SKKURT/results/aaSuite_germline_ss/v0.1344.2/GRCh37/minCN4.5/cnsizeMin50000/-1X/calls/SKKURT-320DM-0001-TPX-A01-WGS-2OJ361/SKKURT-320DM-0001-TPX-A01-WGS-2OJ361_output/SKKURT-320DM-0001-TPX-A01-WGS-2OJ361_AA_results/SKKURT-320DM-0001-TPX-A01-WGS-2OJ361_amplicon8_cycles.txt	Cycle=1	Copy_count=3.06978108394	0+	0				21697548		16	21697549		16:21697549	NA:NA	NA	NA	NA	NA
/mnt/NAS4/home/mary/HL-NF/scratch/SKKURT/results/aaSuite_germline_ss/v0.1344.2/GRCh37/minCN4.5/cnsizeMin50000/-1X/calls/SKKURT-320DM-0001-TPX-A01-WGS-2OJ361/SKKURT-320DM-0001-TPX-A01-WGS-2OJ361_output/SKKURT-320DM-0001-TPX-A01-WGS-2OJ361_AA_results/SKKURT-320DM-0001-TPX-A01-WGS-2OJ361_amplicon8_cycles.txt	Cycle=1	Copy_count=3.06978108394	2-	2	16	21412543	21697548		21412543			21412544	NA:NA	16:21412544	NA	NA	NA	NA
/mnt/NAS4/home/mary/HL-NF/scratch/SKKURT/results/aaSuite_germline_ss/v0.1344.2/GRCh37/minCN4.5/cnsizeMin50000/-1X/calls/SKKURT-320DM-0001-TPX-A01-WGS-2OJ361/SKKURT-320DM-0001-TPX-A01-WGS-2OJ361_output/SKKURT-320DM-0001-TPX-A01-WGS-2OJ361_AA_results/SKKURT-320DM-0001-TPX-A01-WGS-2OJ361_amplicon8_cycles.txt	Cycle=1	Copy_count=3.06978108394	0-	0									NA:NA	NA:NA	NA	NA	NA	NA
/mnt/NAS4/home/mary/HL-NF/scratch/SKKURT/results/aaSuite_germline_ss/v0.1344.2/GRCh37/minCN4.5/cnsizeMin50000/-1X/calls/SKKURT-320DM-0001-TPX-A01-WGS-2OJ361/SKKURT-320DM-0001-TPX-A01-WGS-2OJ361_output/SKKURT-320DM-0001-TPX-A01-WGS-2OJ361_AA_results/SKKURT-320DM-0001-TPX-A01-WGS-2OJ361_amplicon8_cycles.txt	Cycle=2	Copy_count=2.81028403423	0+	0				22712602		16	22712603		16:22712603	NA:NA	NA	NA	NA	NA
/mnt/NAS4/home/mary/HL-NF/scratch/SKKURT/results/aaSuite_germline_ss/v0.1344.2/GRCh37/minCN4.5/cnsizeMin50000/-1X/calls/SKKURT-320DM-0001-TPX-A01-WGS-2OJ361/SKKURT-320DM-0001-TPX-A01-WGS-2OJ361_output/SKKURT-320DM-0001-TPX-A01-WGS-2OJ361_AA_results/SKKURT-320DM-0001-TPX-A01-WGS-2OJ361_amplicon8_cycles.txt	Cycle=2	Copy_count=2.81028403423	5-	5	16	22547593	22712602		22547593			22547594	NA:NA	16:22547594	NA	NA	NA	NA
/mnt/NAS4/home/mary/HL-NF/scratch/SKKURT/results/aaSuite_germline_ss/v0.1344.2/GRCh37/minCN4.5/cnsizeMin50000/-1X/calls/SKKURT-320DM-0001-TPX-A01-WGS-2OJ361/SKKURT-320DM-0001-TPX-A01-WGS-2OJ361_output/SKKURT-320DM-0001-TPX-A01-WGS-2OJ361_AA_results/SKKURT-320DM-0001-TPX-A01-WGS-2OJ361_amplicon8_cycles.txt	Cycle=2	Copy_count=2.81028403423	0-	0									NA:NA	NA:NA	NA	NA	NA	NA
/mnt/NAS4/home/mary/HL-NF/scratch/SKKURT/results/aaSuite_germline_ss/v0.1344.2/GRCh37/minCN4.5/cnsizeMin50000/-1X/calls/SKKURT-320DM-0001-TPX-A01-WGS-2OJ361/SKKURT-320DM-0001-TPX-A01-WGS-2OJ361_output/SKKURT-320DM-0001-TPX-A01-WGS-2OJ361_AA_results/SKKURT-320DM-0001-TPX-A01-WGS-2OJ361_amplicon8_cycles.txt	Cycle=3	Copy_count=2.03478171679	0+	0				21506100		16	21506101		16:21506101	NA:NA	NA	NA	NA	NA
/mnt/NAS4/home/mary/HL-NF/scratch/SKKURT/results/aaSuite_germline_ss/v0.1344.2/GRCh37/minCN4.5/cnsizeMin50000/-1X/calls/SKKURT-320DM-0001-TPX-A01-WGS-2OJ361/SKKURT-320DM-0001-TPX-A01-WGS-2OJ361_output/SKKURT-320DM-0001-TPX-A01-WGS-2OJ361_AA_results/SKKURT-320DM-0001-TPX-A01-WGS-2OJ361_amplicon8_cycles.txt	Cycle=3	Copy_count=2.03478171679	3+	3	16	21506100	21594441	22710750	21594441	16	22710751	21594442	16:22710751	16:21594442	c_16_22710250_22711250_13C	c_16_22710250_22711250_13C	c_16_22710250_22711250_13C	c_16_22710250_22711250_13C,16:21594528(+)-16:22710865(+)__16_22710250_22711250D
/mnt/NAS4/home/mary/HL-NF/scratch/SKKURT/results/aaSuite_germline_ss/v0.1344.2/GRCh37/minCN4.5/cnsizeMin50000/-1X/calls/SKKURT-320DM-0001-TPX-A01-WGS-2OJ361/SKKURT-320DM-0001-TPX-A01-WGS-2OJ361_output/SKKURT-320DM-0001-TPX-A01-WGS-2OJ361_AA_results/SKKURT-320DM-0001-TPX-A01-WGS-2OJ361_amplicon8_cycles.txt	Cycle=3	Copy_count=2.03478171679	4-	4	16	22547593	22710750		22547593			22547594	NA:NA	16:22547594	NA	NA	NA	NA
/mnt/NAS4/home/mary/HL-NF/scratch/SKKURT/results/aaSuite_germline_ss/v0.1344.2/GRCh37/minCN4.5/cnsizeMin50000/-1X/calls/SKKURT-320DM-0001-TPX-A01-WGS-2OJ361/SKKURT-320DM-0001-TPX-A01-WGS-2OJ361_output/SKKURT-320DM-0001-TPX-A01-WGS-2OJ361_AA_results/SKKURT-320DM-0001-TPX-A01-WGS-2OJ361_amplicon8_cycles.txt	Cycle=3	Copy_count=2.03478171679	0-	0									NA:NA	NA:NA	NA	NA	NA	NA
/mnt/NAS4/home/mary/HL-NF/scratch/SKKURT/results/aaSuite_germline_ss/v0.1344.2/GRCh37/minCN4.5/cnsizeMin50000/-1X/calls/SKKURT-320DM-0001-TPX-A01-WGS-2OJ361/SKKURT-320DM-0001-TPX-A01-WGS-2OJ361_output/SKKURT-320DM-0001-TPX-A01-WGS-2OJ361_AA_results/SKKURT-320DM-0001-TPX-A01-WGS-2OJ361_amplicon8_cycles.txt	Cycle=4	Copy_count=0.775873438026	0+	0				21412543		16	21412544		16:21412544	NA:NA	NA	NA	NA	NA
/mnt/NAS4/home/mary/HL-NF/scratch/SKKURT/results/aaSuite_germline_ss/v0.1344.2/GRCh37/minCN4.5/cnsizeMin50000/-1X/calls/SKKURT-320DM-0001-TPX-A01-WGS-2OJ361/SKKURT-320DM-0001-TPX-A01-WGS-2OJ361_output/SKKURT-320DM-0001-TPX-A01-WGS-2OJ361_AA_results/SKKURT-320DM-0001-TPX-A01-WGS-2OJ361_amplicon8_cycles.txt	Cycle=4	Copy_count=0.775873438026	1+	1	16	21412543	21594441	22710750	21594441	16	22710751	21594442	16:22710751	16:21594442	c_16_22710250_22711250_13C	c_16_22710250_22711250_13C	c_16_22710250_22711250_13C	c_16_22710250_22711250_13C,16:21594528(+)-16:22710865(+)__16_22710250_22711250D
/mnt/NAS4/home/mary/HL-NF/scratch/SKKURT/results/aaSuite_germline_ss/v0.1344.2/GRCh37/minCN4.5/cnsizeMin50000/-1X/calls/SKKURT-320DM-0001-TPX-A01-WGS-2OJ361/SKKURT-320DM-0001-TPX-A01-WGS-2OJ361_output/SKKURT-320DM-0001-TPX-A01-WGS-2OJ361_AA_results/SKKURT-320DM-0001-TPX-A01-WGS-2OJ361_amplicon8_cycles.txt	Cycle=4	Copy_count=0.775873438026	4-	4	16	22547593	22710750		22547593			22547594	NA:NA	16:22547594	NA	NA	NA	NA
/mnt/NAS4/home/mary/HL-NF/scratch/SKKURT/results/aaSuite_germline_ss/v0.1344.2/GRCh37/minCN4.5/cnsizeMin50000/-1X/calls/SKKURT-320DM-0001-TPX-A01-WGS-2OJ361/SKKURT-320DM-0001-TPX-A01-WGS-2OJ361_output/SKKURT-320DM-0001-TPX-A01-WGS-2OJ361_AA_results/SKKURT-320DM-0001-TPX-A01-WGS-2OJ361_amplicon8_cycles.txt	Cycle=4	Copy_count=0.775873438026	0-	0									NA:NA	NA:NA	NA	NA	NA	NA
/mnt/NAS4/home/mary/HL-NF/scratch/SKKURT/results/aaSuite_germline_ss/v0.1344.2/GRCh37/minCN4.5/cnsizeMin50000/-1X/calls/SKKURT-320DM-0001-TPX-A01-WGS-2OJ361/SKKURT-320DM-0001-TPX-A01-WGS-2OJ361_output/SKKURT-320DM-0001-TPX-A01-WGS-2OJ361_AA_results/SKKURT-320DM-0001-TPX-A01-WGS-2OJ361_amplicon9_cycles.txt	Cycle=1	Copy_count=2.94765001343	0+	0				66890113		16	66890114		16:66890114	NA:NA	NA	NA	NA	NA
/mnt/NAS4/home/mary/HL-NF/scratch/SKKURT/results/aaSuite_germline_ss/v0.1344.2/GRCh37/minCN4.5/cnsizeMin50000/-1X/calls/SKKURT-320DM-0001-TPX-A01-WGS-2OJ361/SKKURT-320DM-0001-TPX-A01-WGS-2OJ361_output/SKKURT-320DM-0001-TPX-A01-WGS-2OJ361_AA_results/SKKURT-320DM-0001-TPX-A01-WGS-2OJ361_amplicon9_cycles.txt	Cycle=1	Copy_count=2.94765001343	3-	3	16	66410121	66890113		66410121			66410122	NA:NA	16:66410122	NA	NA	NA	NA
/mnt/NAS4/home/mary/HL-NF/scratch/SKKURT/results/aaSuite_germline_ss/v0.1344.2/GRCh37/minCN4.5/cnsizeMin50000/-1X/calls/SKKURT-320DM-0001-TPX-A01-WGS-2OJ361/SKKURT-320DM-0001-TPX-A01-WGS-2OJ361_output/SKKURT-320DM-0001-TPX-A01-WGS-2OJ361_AA_results/SKKURT-320DM-0001-TPX-A01-WGS-2OJ361_amplicon9_cycles.txt	Cycle=1	Copy_count=2.94765001343	0-	0									NA:NA	NA:NA	NA	NA	NA	NA
/mnt/NAS4/home/mary/HL-NF/scratch/SKKURT/results/aaSuite_germline_ss/v0.1344.2/GRCh37/minCN4.5/cnsizeMin50000/-1X/calls/SKKURT-320DM-0001-TPX-A01-WGS-2OJ361/SKKURT-320DM-0001-TPX-A01-WGS-2OJ361_output/SKKURT-320DM-0001-TPX-A01-WGS-2OJ361_AA_results/SKKURT-320DM-0001-TPX-A01-WGS-2OJ361_amplicon9_cycles.txt	Cycle=2	Copy_count=1.51620423733	0+	0				66410121		16	66410122		16:66410122	NA:NA	NA	NA	NA	NA
/mnt/NAS4/home/mary/HL-NF/scratch/SKKURT/results/aaSuite_germline_ss/v0.1344.2/GRCh37/minCN4.5/cnsizeMin50000/-1X/calls/SKKURT-320DM-0001-TPX-A01-WGS-2OJ361/SKKURT-320DM-0001-TPX-A01-WGS-2OJ361_output/SKKURT-320DM-0001-TPX-A01-WGS-2OJ361_AA_results/SKKURT-320DM-0001-TPX-A01-WGS-2OJ361_amplicon9_cycles.txt	Cycle=2	Copy_count=1.51620423733	2+	2	16	66410121	66790322	66788210	66790322	16	66788211	66790323	16:66788211	16:66790323	c_16_66787710_66788710_0C	c_16_66787710_66788710_0C	c_16_66787710_66788710_0C,16:66788281(+)-16:66790399(+)__16_66787710_66788710D	c_16_66787710_66788710_0C,16:66788281(+)-16:66790399(+)__16_66787710_66788710D
/mnt/NAS4/home/mary/HL-NF/scratch/SKKURT/results/aaSuite_germline_ss/v0.1344.2/GRCh37/minCN4.5/cnsizeMin50000/-1X/calls/SKKURT-320DM-0001-TPX-A01-WGS-2OJ361/SKKURT-320DM-0001-TPX-A01-WGS-2OJ361_output/SKKURT-320DM-0001-TPX-A01-WGS-2OJ361_AA_results/SKKURT-320DM-0001-TPX-A01-WGS-2OJ361_amplicon9_cycles.txt	Cycle=2	Copy_count=1.51620423733	1-	1	16	66410121	66788210		66410121			66410122	NA:NA	16:66410122	NA	NA	NA	NA
/mnt/NAS4/home/mary/HL-NF/scratch/SKKURT/results/aaSuite_germline_ss/v0.1344.2/GRCh37/minCN4.5/cnsizeMin50000/-1X/calls/SKKURT-320DM-0001-TPX-A01-WGS-2OJ361/SKKURT-320DM-0001-TPX-A01-WGS-2OJ361_output/SKKURT-320DM-0001-TPX-A01-WGS-2OJ361_AA_results/SKKURT-320DM-0001-TPX-A01-WGS-2OJ361_amplicon9_cycles.txt	Cycle=2	Copy_count=1.51620423733	0-	0									NA:NA	NA:NA	NA	NA	NA	NA
